-- users tablosu oluşturuldu

CREATE TABLE users (
    user_id INT PRIMARY KEY,
    username VARCHAR(50) UNIQUE NOT NULL,
	email VARCHAR(50) UNIQUE NOT NULL,
    creation_date DATE DEFAULT CURRENT_DATE,
    is_active BOOLEAN
);


insert into users (user_id, username, email, creation_date, is_active) values (1, 'Pierre', 'pavramov0@prweb.com', '22/04/2022', false);
insert into users (user_id, username, email, creation_date, is_active) values (2, 'Roanna', 'rjanas1@marketwatch.com', '10/05/2023', true);
insert into users (user_id, username, email, creation_date, is_active) values (3, 'Eirena', 'ecuttles2@blog.com', '06/01/2022', false);


-- categories tablosu olusturuldu

CREATE TABLE categories (
   	category_id INT PRIMARY KEY,
    name VARCHAR(50) UNIQUE NOT NULL,
	creation_date DATE DEFAULT CURRENT_DATE
);


insert into categories (category_id, name, creation_date) values (1, 'Business', '2022-08-04 21:58:10');
insert into categories (category_id, name, creation_date) values (2, 'Technology', '2020-10-01 21:54:04');
insert into categories (category_id, name, creation_date) values (3, 'Travel', '2022-03-06 19:07:09');


-- posts tablosu olusturuldu

CREATE TABLE posts (
    post_id INT PRIMARY KEY,
	user_id INT NOT NULL,
	category_id INT NOT NULL,
    title VARCHAR(50) NOT NULL,
	content TEXT NOT NULL,
    view_count INT DEFAULT 0,
	creation_date DATE DEFAULT CURRENT_DATE,
    is_published BOOLEAN,
	FOREIGN KEY (user_id) REFERENCES users(user_id),
	FOREIGN KEY (category_id) REFERENCES categories(category_id)
);


insert into posts (post_id, user_id, category_id, title, content, view_count, creation_date, is_published) values (1, 1, 2, 'cubilia curae mauris', 'In tempor, turpis nec euismod scelerisque, quam turpis adipiscing lorem, vitae mattis nibh ligula nec sem. Duis aliquam convallis nunc. Proin at turpis a pede posuere nonummy. Integer non velit.', 767, '2021-11-12 13:43:58', true);
insert into posts (post_id, user_id, category_id, title, content, view_count, creation_date, is_published) values (2, 3, 2, 'vel', 'Integer tincidunt ante vel ipsum.', 963, '2020-12-20 22:41:20', true);
insert into posts (post_id, user_id, category_id, title, content, view_count, creation_date, is_published) values (3, 1, 1, 'quis', 'Phasellus id sapien in sapien iaculis congue. Vivamus metus arcu, adipiscing molestie, hendrerit at, vulputate vitae, nisl. Aenean lectus. Pellentesque eget nunc. Donec quis orci eget orci vehicula condimentum. Curabitur in libero ut massa volutpat convallis. Morbi odio odio, elementum eu, interdum eu, tincidunt in, leo.', 273, '2023-04-28 07:34:55', true);
insert into posts (post_id, user_id, category_id, title, content, view_count, creation_date, is_published) values (4, 3, 1, 'habitasse platea', 'Praesent id massa id nisl venenatis lacinia. Aenean sit amet justo. Morbi ut odio. Cras mi pede, malesuada in, imperdiet et, commodo vulputate, justo. In blandit ultrices enim. Lorem ipsum dolor sit amet, consectetuer adipiscing elit. Proin interdum mauris non ligula pellentesque ultrices. Phasellus id sapien in sapien iaculis congue.', 770, '2021-03-15 18:40:41', true);
insert into posts (post_id, user_id, category_id, title, content, view_count, creation_date, is_published) values (5, 1, 2, 'quam', 'Maecenas rhoncus aliquam lacus. Morbi quis tortor id nulla ultrices aliquet. Maecenas leo odio, condimentum id, luctus nec, molestie sed, justo. Pellentesque viverra pede ac diam. Cras pellentesque volutpat dui. Maecenas tristique, est et tempus semper, est quam pharetra magna, ac consequat metus sapien ut nunc. Vestibulum ante ipsum primis in faucibus orci luctus et ultrices posuere cubilia Curae; Mauris viverra diam vitae quam. Suspendisse potenti.', 791, '2022-04-18 22:40:53', false);
insert into posts (post_id, user_id, category_id, title, content, view_count, creation_date, is_published) values (6, 1, 1, 'vestibulum sed magna', 'Morbi sem mauris, laoreet ut, rhoncus aliquet, pulvinar sed, nisl. Nunc rhoncus dui vel sem. Sed sagittis. Nam congue, risus semper porta volutpat, quam pede lobortis ligula, sit amet eleifend pede libero quis orci. Nullam molestie nibh in lectus. Pellentesque at nulla. Suspendisse potenti.', 384, '2022-06-21 10:05:31', false);
insert into posts (post_id, user_id, category_id, title, content, view_count, creation_date, is_published) values (7, 3, 2, 'curabitur gravida nisi', 'Nulla facilisi.', 660, '2021-03-04 15:25:21', true);
insert into posts (post_id, user_id, category_id, title, content, view_count, creation_date, is_published) values (8, 1, 3, 'curabitur in', 'Integer ac leo. Pellentesque ultrices mattis odio. Donec vitae nisi. Nam ultrices, libero non mattis pulvinar, nulla pede ullamcorper augue, a suscipit nulla elit ac nulla. Sed vel enim sit amet nunc viverra dapibus. Nulla suscipit ligula in lacus. Curabitur at ipsum ac tellus semper interdum. Mauris ullamcorper purus sit amet nulla. Quisque arcu libero, rutrum ac, lobortis vel, dapibus at, diam. Nam tristique tortor eu pede.', 777, '2020-11-11 22:52:46', false);
insert into posts (post_id, user_id, category_id, title, content, view_count, creation_date, is_published) values (9, 1, 2, 'pulvinar', 'Nulla facilisi. Cras non velit nec nisi vulputate nonummy. Maecenas tincidunt lacus at velit. Vivamus vel nulla eget eros elementum pellentesque.', 423, '2021-08-14 21:58:14', true);
insert into posts (post_id, user_id, category_id, title, content, view_count, creation_date, is_published) values (10, 1, 2, 'sociis natoque penatibus', 'Nulla tellus.', 47, '2020-11-05 00:27:41', false);
insert into posts (post_id, user_id, category_id, title, content, view_count, creation_date, is_published) values (11, 2, 3, 'montes nascetur ridiculus', 'Proin interdum mauris non ligula pellentesque ultrices. Phasellus id sapien in sapien iaculis congue. Vivamus metus arcu, adipiscing molestie, hendrerit at, vulputate vitae, nisl. Aenean lectus.', 635, '2020-12-22 19:27:17', false);
insert into posts (post_id, user_id, category_id, title, content, view_count, creation_date, is_published) values (12, 1, 2, 'id ligula', 'Suspendisse potenti. In eleifend quam a odio. In hac habitasse platea dictumst. Maecenas ut massa quis augue luctus tincidunt. Nulla mollis molestie lorem.', 242, '2021-06-06 21:38:44', false);
insert into posts (post_id, user_id, category_id, title, content, view_count, creation_date, is_published) values (13, 3, 2, 'sollicitudin mi sit', 'Suspendisse potenti. Nullam porttitor lacus at turpis. Donec posuere metus vitae ipsum. Aliquam non mauris. Morbi non lectus. Aliquam sit amet diam in magna bibendum imperdiet. Nullam orci pede, venenatis non, sodales sed, tincidunt eu, felis. Fusce posuere felis sed lacus.', 413, '2021-11-06 00:30:54', true);
insert into posts (post_id, user_id, category_id, title, content, view_count, creation_date, is_published) values (14, 3, 1, 'feugiat et', 'Integer aliquet, massa id lobortis convallis, tortor risus dapibus augue, vel accumsan tellus nisi eu orci. Mauris lacinia sapien quis libero. Nullam sit amet turpis elementum ligula vehicula consequat. Morbi a ipsum. Integer a nibh. In quis justo. Maecenas rhoncus aliquam lacus. Morbi quis tortor id nulla ultrices aliquet.', 335, '2023-05-10 03:57:36', false);
insert into posts (post_id, user_id, category_id, title, content, view_count, creation_date, is_published) values (15, 1, 3, 'at vulputate', 'Nam ultrices, libero non mattis pulvinar, nulla pede ullamcorper augue, a suscipit nulla elit ac nulla. Sed vel enim sit amet nunc viverra dapibus. Nulla suscipit ligula in lacus. Curabitur at ipsum ac tellus semper interdum.', 264, '2021-10-17 20:16:55', false);
insert into posts (post_id, user_id, category_id, title, content, view_count, creation_date, is_published) values (16, 3, 3, 'at turpis donec', 'Morbi porttitor lorem id ligula. Suspendisse ornare consequat lectus. In est risus, auctor sed, tristique in, tempus sit amet, sem. Fusce consequat. Nulla nisl. Nunc nisl. Duis bibendum, felis sed interdum venenatis, turpis enim blandit mi, in porttitor pede justo eu massa. Donec dapibus. Duis at velit eu est congue elementum. In hac habitasse platea dictumst.', 453, '2023-03-01 04:40:47', true);
insert into posts (post_id, user_id, category_id, title, content, view_count, creation_date, is_published) values (17, 2, 2, 'aenean sit amet', 'Aliquam non mauris. Morbi non lectus. Aliquam sit amet diam in magna bibendum imperdiet. Nullam orci pede, venenatis non, sodales sed, tincidunt eu, felis. Fusce posuere felis sed lacus. Morbi sem mauris, laoreet ut, rhoncus aliquet, pulvinar sed, nisl. Nunc rhoncus dui vel sem. Sed sagittis. Nam congue, risus semper porta volutpat, quam pede lobortis ligula, sit amet eleifend pede libero quis orci. Nullam molestie nibh in lectus.', 127, '2021-07-25 12:28:09', true);
insert into posts (post_id, user_id, category_id, title, content, view_count, creation_date, is_published) values (18, 1, 2, 'rutrum', 'Proin eu mi. Nulla ac enim. In tempor, turpis nec euismod scelerisque, quam turpis adipiscing lorem, vitae mattis nibh ligula nec sem.', 569, '2021-12-19 11:15:14', true);
insert into posts (post_id, user_id, category_id, title, content, view_count, creation_date, is_published) values (19, 2, 3, 'accumsan odio curabitur', 'In quis justo. Maecenas rhoncus aliquam lacus. Morbi quis tortor id nulla ultrices aliquet.', 128, '2022-07-10 23:45:56', false);
insert into posts (post_id, user_id, category_id, title, content, view_count, creation_date, is_published) values (20, 3, 3, 'nec', 'Etiam pretium iaculis justo. In hac habitasse platea dictumst. Etiam faucibus cursus urna.', 617, '2020-11-21 11:45:01', true);
insert into posts (post_id, user_id, category_id, title, content, view_count, creation_date, is_published) values (21, 1, 1, 'accumsan', 'Lorem ipsum dolor sit amet, consectetuer adipiscing elit. Proin interdum mauris non ligula pellentesque ultrices. Phasellus id sapien in sapien iaculis congue. Vivamus metus arcu, adipiscing molestie, hendrerit at, vulputate vitae, nisl.', 454, '2020-10-18 08:58:33', false);
insert into posts (post_id, user_id, category_id, title, content, view_count, creation_date, is_published) values (22, 3, 3, 'vestibulum rutrum', 'Etiam faucibus cursus urna.', 938, '2022-10-23 20:59:48', true);
insert into posts (post_id, user_id, category_id, title, content, view_count, creation_date, is_published) values (23, 1, 2, 'primis', 'Aliquam quis turpis eget elit sodales scelerisque.', 306, '2021-10-17 06:40:07', false);
insert into posts (post_id, user_id, category_id, title, content, view_count, creation_date, is_published) values (24, 2, 2, 'diam', 'Nunc nisl. Duis bibendum, felis sed interdum venenatis, turpis enim blandit mi, in porttitor pede justo eu massa. Donec dapibus. Duis at velit eu est congue elementum. In hac habitasse platea dictumst. Morbi vestibulum, velit id pretium iaculis, diam erat fermentum justo, nec condimentum neque sapien placerat ante. Nulla justo. Aliquam quis turpis eget elit sodales scelerisque. Mauris sit amet eros.', 977, '2023-02-20 13:51:56', false);
insert into posts (post_id, user_id, category_id, title, content, view_count, creation_date, is_published) values (25, 2, 3, 'eros', 'Maecenas leo odio, condimentum id, luctus nec, molestie sed, justo. Pellentesque viverra pede ac diam. Cras pellentesque volutpat dui. Maecenas tristique, est et tempus semper, est quam pharetra magna, ac consequat metus sapien ut nunc. Vestibulum ante ipsum primis in faucibus orci luctus et ultrices posuere cubilia Curae; Mauris viverra diam vitae quam. Suspendisse potenti. Nullam porttitor lacus at turpis. Donec posuere metus vitae ipsum. Aliquam non mauris. Morbi non lectus.', 270, '2020-10-17 17:47:01', false);
insert into posts (post_id, user_id, category_id, title, content, view_count, creation_date, is_published) values (26, 3, 2, 'porttitor lorem', 'Suspendisse potenti. Cras in purus eu magna vulputate luctus. Cum sociis natoque penatibus et magnis dis parturient montes, nascetur ridiculus mus. Vivamus vestibulum sagittis sapien. Cum sociis natoque penatibus et magnis dis parturient montes, nascetur ridiculus mus. Etiam vel augue. Vestibulum rutrum rutrum neque. Aenean auctor gravida sem. Praesent id massa id nisl venenatis lacinia.', 521, '2022-08-25 05:08:07', false);
insert into posts (post_id, user_id, category_id, title, content, view_count, creation_date, is_published) values (27, 2, 3, 'risus auctor', 'Cum sociis natoque penatibus et magnis dis parturient montes, nascetur ridiculus mus. Etiam vel augue. Vestibulum rutrum rutrum neque. Aenean auctor gravida sem.', 237, '2022-01-30 07:46:33', false);
insert into posts (post_id, user_id, category_id, title, content, view_count, creation_date, is_published) values (28, 2, 1, 'ut massa volutpat', 'Curabitur gravida nisi at nibh. In hac habitasse platea dictumst. Aliquam augue quam, sollicitudin vitae, consectetuer eget, rutrum at, lorem. Integer tincidunt ante vel ipsum. Praesent blandit lacinia erat.', 911, '2023-05-14 02:37:29', true);
insert into posts (post_id, user_id, category_id, title, content, view_count, creation_date, is_published) values (29, 3, 1, 'tellus', 'Nullam varius. Nulla facilisi. Cras non velit nec nisi vulputate nonummy. Maecenas tincidunt lacus at velit. Vivamus vel nulla eget eros elementum pellentesque. Quisque porta volutpat erat. Quisque erat eros, viverra eget, congue eget, semper rutrum, nulla. Nunc purus. Phasellus in felis.', 566, '2021-08-09 14:52:25', true);
insert into posts (post_id, user_id, category_id, title, content, view_count, creation_date, is_published) values (30, 2, 3, 'augue luctus tincidunt', 'In est risus, auctor sed, tristique in, tempus sit amet, sem. Fusce consequat. Nulla nisl. Nunc nisl. Duis bibendum, felis sed interdum venenatis, turpis enim blandit mi, in porttitor pede justo eu massa. Donec dapibus.', 730, '2022-07-25 10:20:31', true);
insert into posts (post_id, user_id, category_id, title, content, view_count, creation_date, is_published) values (31, 2, 3, 'est congue elementum', 'Maecenas leo odio, condimentum id, luctus nec, molestie sed, justo. Pellentesque viverra pede ac diam. Cras pellentesque volutpat dui. Maecenas tristique, est et tempus semper, est quam pharetra magna, ac consequat metus sapien ut nunc.', 303, '2020-10-27 05:40:31', true);
insert into posts (post_id, user_id, category_id, title, content, view_count, creation_date, is_published) values (32, 2, 2, 'neque', 'Nulla tellus. In sagittis dui vel nisl.', 384, '2022-06-04 09:35:52', true);
insert into posts (post_id, user_id, category_id, title, content, view_count, creation_date, is_published) values (33, 2, 3, 'quisque', 'Proin risus. Praesent lectus. Vestibulum quam sapien, varius ut, blandit non, interdum in, ante.', 529, '2021-12-05 23:41:06', true);
insert into posts (post_id, user_id, category_id, title, content, view_count, creation_date, is_published) values (34, 3, 2, 'pretium', 'Ut at dolor quis odio consequat varius. Integer ac leo. Pellentesque ultrices mattis odio. Donec vitae nisi. Nam ultrices, libero non mattis pulvinar, nulla pede ullamcorper augue, a suscipit nulla elit ac nulla. Sed vel enim sit amet nunc viverra dapibus. Nulla suscipit ligula in lacus. Curabitur at ipsum ac tellus semper interdum. Mauris ullamcorper purus sit amet nulla. Quisque arcu libero, rutrum ac, lobortis vel, dapibus at, diam.', 843, '2022-01-10 13:01:59', true);
insert into posts (post_id, user_id, category_id, title, content, view_count, creation_date, is_published) values (35, 1, 1, 'eleifend', 'Nulla suscipit ligula in lacus. Curabitur at ipsum ac tellus semper interdum. Mauris ullamcorper purus sit amet nulla. Quisque arcu libero, rutrum ac, lobortis vel, dapibus at, diam.', 936, '2021-03-11 07:40:10', false);
insert into posts (post_id, user_id, category_id, title, content, view_count, creation_date, is_published) values (36, 2, 2, 'nulla', 'Proin risus. Praesent lectus. Vestibulum quam sapien, varius ut, blandit non, interdum in, ante. Vestibulum ante ipsum primis in faucibus orci luctus et ultrices posuere cubilia Curae; Duis faucibus accumsan odio.', 586, '2020-12-09 16:30:54', true);
insert into posts (post_id, user_id, category_id, title, content, view_count, creation_date, is_published) values (37, 1, 3, 'quis lectus', 'Aenean auctor gravida sem. Praesent id massa id nisl venenatis lacinia. Aenean sit amet justo. Morbi ut odio. Cras mi pede, malesuada in, imperdiet et, commodo vulputate, justo. In blandit ultrices enim.', 329, '2021-03-13 10:47:36', true);
insert into posts (post_id, user_id, category_id, title, content, view_count, creation_date, is_published) values (38, 3, 2, 'eu', 'Duis aliquam convallis nunc.', 9, '2023-03-25 15:43:08', false);
insert into posts (post_id, user_id, category_id, title, content, view_count, creation_date, is_published) values (39, 2, 2, 'ut volutpat sapien', 'In hac habitasse platea dictumst. Aliquam augue quam, sollicitudin vitae, consectetuer eget, rutrum at, lorem. Integer tincidunt ante vel ipsum. Praesent blandit lacinia erat.', 100, '2022-07-21 14:11:15', true);
insert into posts (post_id, user_id, category_id, title, content, view_count, creation_date, is_published) values (40, 1, 3, 'nunc', 'Vivamus tortor. Duis mattis egestas metus. Aenean fermentum. Donec ut mauris eget massa tempor convallis. Nulla neque libero, convallis eget, eleifend luctus, ultricies eu, nibh.', 546, '2021-11-17 20:25:09', false);
insert into posts (post_id, user_id, category_id, title, content, view_count, creation_date, is_published) values (41, 1, 3, 'lobortis sapien', 'Aliquam augue quam, sollicitudin vitae, consectetuer eget, rutrum at, lorem. Integer tincidunt ante vel ipsum. Praesent blandit lacinia erat. Vestibulum sed magna at nunc commodo placerat. Praesent blandit. Nam nulla.', 98, '2022-12-30 16:36:13', false);
insert into posts (post_id, user_id, category_id, title, content, view_count, creation_date, is_published) values (42, 3, 2, 'viverra dapibus', 'Aenean auctor gravida sem. Praesent id massa id nisl venenatis lacinia. Aenean sit amet justo. Morbi ut odio.', 975, '2021-07-04 04:55:17', true);
insert into posts (post_id, user_id, category_id, title, content, view_count, creation_date, is_published) values (43, 3, 3, 'mauris laoreet ut', 'Nulla neque libero, convallis eget, eleifend luctus, ultricies eu, nibh. Quisque id justo sit amet sapien dignissim vestibulum.', 613, '2022-09-14 12:06:47', true);
insert into posts (post_id, user_id, category_id, title, content, view_count, creation_date, is_published) values (44, 1, 2, 'elementum pellentesque quisque', 'Maecenas tristique, est et tempus semper, est quam pharetra magna, ac consequat metus sapien ut nunc.', 52, '2020-11-28 13:31:35', true);
insert into posts (post_id, user_id, category_id, title, content, view_count, creation_date, is_published) values (45, 3, 2, 'etiam pretium', 'Nam congue, risus semper porta volutpat, quam pede lobortis ligula, sit amet eleifend pede libero quis orci. Nullam molestie nibh in lectus. Pellentesque at nulla. Suspendisse potenti. Cras in purus eu magna vulputate luctus. Cum sociis natoque penatibus et magnis dis parturient montes, nascetur ridiculus mus. Vivamus vestibulum sagittis sapien. Cum sociis natoque penatibus et magnis dis parturient montes, nascetur ridiculus mus. Etiam vel augue. Vestibulum rutrum rutrum neque.', 198, '2021-10-10 16:18:39', false);
insert into posts (post_id, user_id, category_id, title, content, view_count, creation_date, is_published) values (46, 2, 1, 'mattis egestas metus', 'Duis ac nibh.', 725, '2022-03-25 16:51:59', false);
insert into posts (post_id, user_id, category_id, title, content, view_count, creation_date, is_published) values (47, 2, 2, 'at', 'Sed ante. Vivamus tortor.', 282, '2022-04-22 00:38:14', false);
insert into posts (post_id, user_id, category_id, title, content, view_count, creation_date, is_published) values (48, 3, 1, 'habitasse platea dictumst', 'Cras non velit nec nisi vulputate nonummy. Maecenas tincidunt lacus at velit. Vivamus vel nulla eget eros elementum pellentesque. Quisque porta volutpat erat. Quisque erat eros, viverra eget, congue eget, semper rutrum, nulla. Nunc purus. Phasellus in felis. Donec semper sapien a libero. Nam dui.', 67, '2021-02-26 23:55:58', false);
insert into posts (post_id, user_id, category_id, title, content, view_count, creation_date, is_published) values (49, 1, 2, 'suspendisse ornare', 'Mauris sit amet eros. Suspendisse accumsan tortor quis turpis. Sed ante. Vivamus tortor. Duis mattis egestas metus. Aenean fermentum. Donec ut mauris eget massa tempor convallis.', 13, '2022-11-02 19:48:39', true);
insert into posts (post_id, user_id, category_id, title, content, view_count, creation_date, is_published) values (50, 2, 2, 'sapien', 'Proin at turpis a pede posuere nonummy. Integer non velit. Donec diam neque, vestibulum eget, vulputate ut, ultrices vel, augue. Vestibulum ante ipsum primis in faucibus orci luctus et ultrices posuere cubilia Curae; Donec pharetra, magna vestibulum aliquet ultrices, erat tortor sollicitudin mi, sit amet lobortis sapien sapien non mi. Integer ac neque. Duis bibendum.', 437, '2023-01-13 17:56:58', false);

-- comment tablosu olusturuldu

CREATE TABLE comments (
    comment_id INT PRIMARY KEY,
	post_id INT NOT NULL,
	user_id INT,
    comment TEXT NOT NULL,
	creation_date DATE DEFAULT CURRENT_DATE,
    is_published BOOLEAN,
	FOREIGN KEY (post_id) REFERENCES posts(post_id),
	FOREIGN KEY (user_id) REFERENCES users(user_id)
);


insert into comments (comment_id, post_id, user_id, comment, creation_date, is_published) values (1, 46, 3, 'Vestibulum ac est lacinia nisi venenatis tristique.', '2022-07-25 04:42:09', false);
insert into comments (comment_id, post_id, user_id, comment, creation_date, is_published) values (2, 31, 2, 'Suspendisse potenti. Nullam porttitor lacus at turpis. Donec posuere metus vitae ipsum.', '2021-11-28 13:56:08', false);
insert into comments (comment_id, post_id, user_id, comment, creation_date, is_published) values (3, 46, 2, 'In tempor, turpis nec euismod scelerisque, quam turpis adipiscing lorem, vitae mattis nibh ligula nec sem. Duis aliquam convallis nunc. Proin at turpis a pede posuere nonummy. Integer non velit. Donec diam neque, vestibulum eget, vulputate ut, ultrices vel, augue. Vestibulum ante ipsum primis in faucibus orci luctus et ultrices posuere cubilia Curae; Donec pharetra, magna vestibulum aliquet ultrices, erat tortor sollicitudin mi, sit amet lobortis sapien sapien non mi.', '2021-09-15 22:06:40', true);
insert into comments (comment_id, post_id, user_id, comment, creation_date, is_published) values (4, 2, 1, 'Vestibulum ante ipsum primis in faucibus orci luctus et ultrices posuere cubilia Curae; Mauris viverra diam vitae quam. Suspendisse potenti. Nullam porttitor lacus at turpis. Donec posuere metus vitae ipsum. Aliquam non mauris.', '2021-11-23 17:12:16', false);
insert into comments (comment_id, post_id, user_id, comment, creation_date, is_published) values (5, 42, 2, 'Suspendisse potenti. In eleifend quam a odio. In hac habitasse platea dictumst.', '2022-01-10 21:41:16', false);
insert into comments (comment_id, post_id, user_id, comment, creation_date, is_published) values (6, 41, 1, 'Vestibulum ante ipsum primis in faucibus orci luctus et ultrices posuere cubilia Curae; Mauris viverra diam vitae quam. Suspendisse potenti. Nullam porttitor lacus at turpis. Donec posuere metus vitae ipsum. Aliquam non mauris.', '2022-12-13 00:41:19', true);
insert into comments (comment_id, post_id, user_id, comment, creation_date, is_published) values (7, 34, 1, 'In hac habitasse platea dictumst. Morbi vestibulum, velit id pretium iaculis, diam erat fermentum justo, nec condimentum neque sapien placerat ante. Nulla justo. Aliquam quis turpis eget elit sodales scelerisque. Mauris sit amet eros. Suspendisse accumsan tortor quis turpis. Sed ante.', '2022-06-30 23:11:16', false);
insert into comments (comment_id, post_id, user_id, comment, creation_date, is_published) values (8, 43, 1, 'Praesent blandit lacinia erat. Vestibulum sed magna at nunc commodo placerat. Praesent blandit. Nam nulla.', '2022-05-07 03:09:59', false);
insert into comments (comment_id, post_id, user_id, comment, creation_date, is_published) values (9, 29, 3, 'Duis aliquam convallis nunc. Proin at turpis a pede posuere nonummy. Integer non velit. Donec diam neque, vestibulum eget, vulputate ut, ultrices vel, augue. Vestibulum ante ipsum primis in faucibus orci luctus et ultrices posuere cubilia Curae; Donec pharetra, magna vestibulum aliquet ultrices, erat tortor sollicitudin mi, sit amet lobortis sapien sapien non mi. Integer ac neque.', '2021-04-12 07:14:11', true);
insert into comments (comment_id, post_id, user_id, comment, creation_date, is_published) values (10, 48, 1, 'In sagittis dui vel nisl. Duis ac nibh. Fusce lacus purus, aliquet at, feugiat non, pretium quis, lectus. Suspendisse potenti.', '2022-04-20 20:10:54', true);
insert into comments (comment_id, post_id, user_id, comment, creation_date, is_published) values (11, 46, 1, 'Duis mattis egestas metus. Aenean fermentum. Donec ut mauris eget massa tempor convallis. Nulla neque libero, convallis eget, eleifend luctus, ultricies eu, nibh.', '2022-11-07 02:33:48', false);
insert into comments (comment_id, post_id, user_id, comment, creation_date, is_published) values (12, 15, 1, 'Nunc nisl. Duis bibendum, felis sed interdum venenatis, turpis enim blandit mi, in porttitor pede justo eu massa. Donec dapibus. Duis at velit eu est congue elementum. In hac habitasse platea dictumst.', '2022-03-12 02:35:02', false);
insert into comments (comment_id, post_id, user_id, comment, creation_date, is_published) values (13, 22, 3, 'Proin leo odio, porttitor id, consequat in, consequat ut, nulla. Sed accumsan felis. Ut at dolor quis odio consequat varius.', '2022-08-22 03:58:41', true);
insert into comments (comment_id, post_id, user_id, comment, creation_date, is_published) values (14, 30, 1, 'Nulla ac enim. In tempor, turpis nec euismod scelerisque, quam turpis adipiscing lorem, vitae mattis nibh ligula nec sem. Duis aliquam convallis nunc. Proin at turpis a pede posuere nonummy. Integer non velit. Donec diam neque, vestibulum eget, vulputate ut, ultrices vel, augue.', '2021-07-01 20:19:43', false);
insert into comments (comment_id, post_id, comment, creation_date, is_published) values (15, 33, 'Suspendisse accumsan tortor quis turpis. Sed ante.', '2021-09-07 21:38:13', true);
insert into comments (comment_id, post_id, user_id, comment, creation_date, is_published) values (16, 41, 1, 'Fusce lacus purus, aliquet at, feugiat non, pretium quis, lectus. Suspendisse potenti. In eleifend quam a odio. In hac habitasse platea dictumst.', '2022-09-06 01:18:29', true);
insert into comments (comment_id, post_id, user_id, comment, creation_date, is_published) values (17, 23, 3, 'Curabitur at ipsum ac tellus semper interdum.', '2021-05-10 13:15:22', true);
insert into comments (comment_id, post_id, user_id, comment, creation_date, is_published) values (18, 25, 3, 'Suspendisse potenti. Cras in purus eu magna vulputate luctus. Cum sociis natoque penatibus et magnis dis parturient montes, nascetur ridiculus mus. Vivamus vestibulum sagittis sapien. Cum sociis natoque penatibus et magnis dis parturient montes, nascetur ridiculus mus. Etiam vel augue. Vestibulum rutrum rutrum neque.', '2021-10-07 12:49:44', true);
insert into comments (comment_id, post_id, user_id, comment, creation_date, is_published) values (19, 13, 2, 'Mauris ullamcorper purus sit amet nulla. Quisque arcu libero, rutrum ac, lobortis vel, dapibus at, diam. Nam tristique tortor eu pede.', '2021-12-02 15:42:35', false);
insert into comments (comment_id, post_id, comment, creation_date, is_published) values (20, 20, 'Donec vitae nisi. Nam ultrices, libero non mattis pulvinar, nulla pede ullamcorper augue, a suscipit nulla elit ac nulla. Sed vel enim sit amet nunc viverra dapibus. Nulla suscipit ligula in lacus.', '2022-03-11 22:57:17', true);
insert into comments (comment_id, post_id, user_id, comment, creation_date, is_published) values (21, 22, 3, 'Duis at velit eu est congue elementum. In hac habitasse platea dictumst.', '2023-05-06 22:46:22', true);
insert into comments (comment_id, post_id, user_id, comment, creation_date, is_published) values (22, 49, 3, 'Donec quis orci eget orci vehicula condimentum. Curabitur in libero ut massa volutpat convallis. Morbi odio odio, elementum eu, interdum eu, tincidunt in, leo.', '2022-03-23 23:46:27', false);
insert into comments (comment_id, post_id, user_id, comment, creation_date, is_published) values (23, 30, 2, 'In hac habitasse platea dictumst. Etiam faucibus cursus urna. Ut tellus. Nulla ut erat id mauris vulputate elementum. Nullam varius. Nulla facilisi. Cras non velit nec nisi vulputate nonummy.', '2020-12-18 05:32:21', false);
insert into comments (comment_id, post_id, user_id, comment, creation_date, is_published) values (24, 42, 2, 'Proin interdum mauris non ligula pellentesque ultrices. Phasellus id sapien in sapien iaculis congue. Vivamus metus arcu, adipiscing molestie, hendrerit at, vulputate vitae, nisl. Aenean lectus. Pellentesque eget nunc. Donec quis orci eget orci vehicula condimentum.', '2022-12-13 00:50:15', false);
insert into comments (comment_id, post_id, user_id, comment, creation_date, is_published) values (25, 2, 2, 'Nam dui. Proin leo odio, porttitor id, consequat in, consequat ut, nulla. Sed accumsan felis. Ut at dolor quis odio consequat varius. Integer ac leo. Pellentesque ultrices mattis odio. Donec vitae nisi.', '2020-10-18 14:47:04', true);
insert into comments (comment_id, post_id, user_id, comment, creation_date, is_published) values (26, 16, 2, 'In est risus, auctor sed, tristique in, tempus sit amet, sem. Fusce consequat. Nulla nisl. Nunc nisl. Duis bibendum, felis sed interdum venenatis, turpis enim blandit mi, in porttitor pede justo eu massa. Donec dapibus. Duis at velit eu est congue elementum.', '2022-02-13 19:23:05', true);
insert into comments (comment_id, post_id, user_id, comment, creation_date, is_published) values (27, 1, 3, 'Aliquam erat volutpat. In congue. Etiam justo. Etiam pretium iaculis justo.', '2022-05-29 03:11:23', true);
insert into comments (comment_id, post_id, user_id, comment, creation_date, is_published) values (28, 40, 3, 'Nam nulla.', '2021-06-23 02:47:40', true);
insert into comments (comment_id, post_id, user_id, comment, creation_date, is_published) values (29, 46, 1, 'Fusce consequat. Nulla nisl.', '2021-01-24 09:25:02', false);
insert into comments (comment_id, post_id, comment, creation_date, is_published) values (30, 8,'Maecenas rhoncus aliquam lacus. Morbi quis tortor id nulla ultrices aliquet. Maecenas leo odio, condimentum id, luctus nec, molestie sed, justo. Pellentesque viverra pede ac diam. Cras pellentesque volutpat dui.', '2021-10-25 14:25:29', true);
insert into comments (comment_id, post_id, user_id, comment, creation_date, is_published) values (31, 2, 2, 'Aliquam augue quam, sollicitudin vitae, consectetuer eget, rutrum at, lorem.', '2021-04-02 14:46:25', false);
insert into comments (comment_id, post_id, user_id, comment, creation_date, is_published) values (32, 17, 1, 'Donec ut dolor. Morbi vel lectus in quam fringilla rhoncus. Mauris enim leo, rhoncus sed, vestibulum sit amet, cursus id, turpis. Integer aliquet, massa id lobortis convallis, tortor risus dapibus augue, vel accumsan tellus nisi eu orci.', '2022-10-07 23:17:02', false);
insert into comments (comment_id, post_id, user_id, comment, creation_date, is_published) values (33, 39, 3, 'Maecenas pulvinar lobortis est. Phasellus sit amet erat. Nulla tempus. Vivamus in felis eu sapien cursus vestibulum.', '2023-04-20 23:59:59', false);
insert into comments (comment_id, post_id, user_id, comment, creation_date, is_published) values (34, 30, 1, 'Maecenas tincidunt lacus at velit. Vivamus vel nulla eget eros elementum pellentesque. Quisque porta volutpat erat. Quisque erat eros, viverra eget, congue eget, semper rutrum, nulla. Nunc purus. Phasellus in felis. Donec semper sapien a libero.', '2023-03-24 03:26:54', false);
insert into comments (comment_id, post_id, user_id, comment, creation_date, is_published) values (35, 41, 3, 'Duis mattis egestas metus. Aenean fermentum. Donec ut mauris eget massa tempor convallis. Nulla neque libero, convallis eget, eleifend luctus, ultricies eu, nibh. Quisque id justo sit amet sapien dignissim vestibulum. Vestibulum ante ipsum primis in faucibus orci luctus et ultrices posuere cubilia Curae; Nulla dapibus dolor vel est. Donec odio justo, sollicitudin ut, suscipit a, feugiat et, eros.', '2021-01-17 05:55:46', true);
insert into comments (comment_id, post_id, user_id, comment, creation_date, is_published) values (36, 25, 3, 'Donec posuere metus vitae ipsum. Aliquam non mauris. Morbi non lectus. Aliquam sit amet diam in magna bibendum imperdiet. Nullam orci pede, venenatis non, sodales sed, tincidunt eu, felis. Fusce posuere felis sed lacus. Morbi sem mauris, laoreet ut, rhoncus aliquet, pulvinar sed, nisl.', '2021-03-06 23:07:55', true);
insert into comments (comment_id, post_id, user_id, comment, creation_date, is_published) values (37, 13, 3, 'In blandit ultrices enim. Lorem ipsum dolor sit amet, consectetuer adipiscing elit. Proin interdum mauris non ligula pellentesque ultrices. Phasellus id sapien in sapien iaculis congue.', '2021-05-02 04:21:05', false);
insert into comments (comment_id, post_id, user_id, comment, creation_date, is_published) values (38, 50, 2, 'Aenean auctor gravida sem. Praesent id massa id nisl venenatis lacinia. Aenean sit amet justo. Morbi ut odio. Cras mi pede, malesuada in, imperdiet et, commodo vulputate, justo. In blandit ultrices enim.', '2021-06-10 03:29:20', false);
insert into comments (comment_id, post_id, user_id, comment, creation_date, is_published) values (39, 36, 1, 'Aliquam quis turpis eget elit sodales scelerisque. Mauris sit amet eros. Suspendisse accumsan tortor quis turpis. Sed ante. Vivamus tortor.', '2021-08-20 12:37:57', true);
insert into comments (comment_id, post_id, user_id, comment, creation_date, is_published) values (40, 45, 2, 'Praesent lectus. Vestibulum quam sapien, varius ut, blandit non, interdum in, ante.', '2021-09-06 19:18:57', true);
insert into comments (comment_id, post_id, user_id, comment, creation_date, is_published) values (41, 38, 3, 'Aliquam augue quam, sollicitudin vitae, consectetuer eget, rutrum at, lorem. Integer tincidunt ante vel ipsum. Praesent blandit lacinia erat.', '2022-04-03 11:54:39', false);
insert into comments (comment_id, post_id, user_id, comment, creation_date, is_published) values (42, 20, 1, 'Aliquam non mauris. Morbi non lectus.', '2022-05-24 08:03:19', false);
insert into comments (comment_id, post_id, user_id, comment, creation_date, is_published) values (43, 4, 1, 'Integer pede justo, lacinia eget, tincidunt eget, tempus vel, pede.', '2023-04-23 08:42:34', false);
insert into comments (comment_id, post_id, user_id, comment, creation_date, is_published) values (44, 42, 3, 'Aliquam sit amet diam in magna bibendum imperdiet. Nullam orci pede, venenatis non, sodales sed, tincidunt eu, felis. Fusce posuere felis sed lacus.', '2021-06-30 23:56:29', false);
insert into comments (comment_id, post_id, user_id, comment, creation_date, is_published) values (45, 18, 2, 'Donec diam neque, vestibulum eget, vulputate ut, ultrices vel, augue. Vestibulum ante ipsum primis in faucibus orci luctus et ultrices posuere cubilia Curae; Donec pharetra, magna vestibulum aliquet ultrices, erat tortor sollicitudin mi, sit amet lobortis sapien sapien non mi. Integer ac neque. Duis bibendum. Morbi non quam nec dui luctus rutrum. Nulla tellus. In sagittis dui vel nisl.', '2023-05-09 14:01:47', true);
insert into comments (comment_id, post_id, user_id, comment, creation_date, is_published) values (46, 4, 2, 'Vivamus metus arcu, adipiscing molestie, hendrerit at, vulputate vitae, nisl. Aenean lectus. Pellentesque eget nunc. Donec quis orci eget orci vehicula condimentum. Curabitur in libero ut massa volutpat convallis. Morbi odio odio, elementum eu, interdum eu, tincidunt in, leo.', '2022-04-11 13:26:21', true);
insert into comments (comment_id, post_id, user_id, comment, creation_date, is_published) values (47, 6, 2, 'Fusce congue, diam id ornare imperdiet, sapien urna pretium nisl, ut volutpat sapien arcu sed augue. Aliquam erat volutpat. In congue. Etiam justo.', '2022-08-23 13:58:15', false);
insert into comments (comment_id, post_id, user_id, comment, creation_date, is_published) values (48, 22, 3, 'In hac habitasse platea dictumst.', '2021-09-03 19:21:56', false);
insert into comments (comment_id, post_id, user_id, comment, creation_date, is_published) values (49, 7, 2, 'In quis justo. Maecenas rhoncus aliquam lacus. Morbi quis tortor id nulla ultrices aliquet. Maecenas leo odio, condimentum id, luctus nec, molestie sed, justo. Pellentesque viverra pede ac diam.', '2022-03-02 18:53:07', true);
insert into comments (comment_id, post_id, user_id, comment, creation_date, is_published) values (50, 43, 1, 'Donec quis orci eget orci vehicula condimentum. Curabitur in libero ut massa volutpat convallis. Morbi odio odio, elementum eu, interdum eu, tincidunt in, leo. Maecenas pulvinar lobortis est. Phasellus sit amet erat. Nulla tempus. Vivamus in felis eu sapien cursus vestibulum.', '2021-08-13 01:23:43', true);
insert into comments (comment_id, post_id, user_id, comment, creation_date, is_published) values (51, 39, 2, 'Vestibulum ante ipsum primis in faucibus orci luctus et ultrices posuere cubilia Curae; Donec pharetra, magna vestibulum aliquet ultrices, erat tortor sollicitudin mi, sit amet lobortis sapien sapien non mi. Integer ac neque. Duis bibendum.', '2020-12-23 04:33:35', true);
insert into comments (comment_id, post_id, user_id, comment, creation_date, is_published) values (52, 25, 1, 'Nulla mollis molestie lorem. Quisque ut erat. Curabitur gravida nisi at nibh. In hac habitasse platea dictumst. Aliquam augue quam, sollicitudin vitae, consectetuer eget, rutrum at, lorem. Integer tincidunt ante vel ipsum.', '2023-05-27 07:04:34', true);
insert into comments (comment_id, post_id, user_id, comment, creation_date, is_published) values (53, 36, 2, 'Vestibulum ac est lacinia nisi venenatis tristique. Fusce congue, diam id ornare imperdiet, sapien urna pretium nisl, ut volutpat sapien arcu sed augue. Aliquam erat volutpat. In congue. Etiam justo. Etiam pretium iaculis justo.', '2022-03-18 04:26:58', false);
insert into comments (comment_id, post_id, user_id, comment, creation_date, is_published) values (54, 42, 2, 'Integer pede justo, lacinia eget, tincidunt eget, tempus vel, pede. Morbi porttitor lorem id ligula. Suspendisse ornare consequat lectus. In est risus, auctor sed, tristique in, tempus sit amet, sem.', '2020-11-30 23:56:32', false);
insert into comments (comment_id, post_id, user_id, comment, creation_date, is_published) values (55, 15, 3, 'Praesent id massa id nisl venenatis lacinia. Aenean sit amet justo. Morbi ut odio.', '2021-04-03 18:50:33', true);
insert into comments (comment_id, post_id, user_id, comment, creation_date, is_published) values (56, 42, 3, 'Nulla suscipit ligula in lacus. Curabitur at ipsum ac tellus semper interdum. Mauris ullamcorper purus sit amet nulla. Quisque arcu libero, rutrum ac, lobortis vel, dapibus at, diam. Nam tristique tortor eu pede.', '2023-03-25 11:51:28', false);
insert into comments (comment_id, post_id, user_id, comment, creation_date, is_published) values (57, 21, 1, 'In est risus, auctor sed, tristique in, tempus sit amet, sem. Fusce consequat. Nulla nisl. Nunc nisl. Duis bibendum, felis sed interdum venenatis, turpis enim blandit mi, in porttitor pede justo eu massa. Donec dapibus. Duis at velit eu est congue elementum.', '2021-08-01 00:54:15', false);
insert into comments (comment_id, post_id, user_id, comment, creation_date, is_published) values (58, 42, 2, 'Sed accumsan felis. Ut at dolor quis odio consequat varius. Integer ac leo. Pellentesque ultrices mattis odio. Donec vitae nisi.', '2022-12-07 01:14:36', true);
insert into comments (comment_id, post_id, user_id, comment, creation_date, is_published) values (59, 28, 1, 'Suspendisse potenti.', '2021-08-08 09:21:22', false);
insert into comments (comment_id, post_id, comment, creation_date, is_published) values (60, 43, 'Nunc nisl. Duis bibendum, felis sed interdum venenatis, turpis enim blandit mi, in porttitor pede justo eu massa. Donec dapibus.', '2022-07-13 02:10:25', true);
insert into comments (comment_id, post_id, user_id, comment, creation_date, is_published) values (61, 12, 3, 'Duis aliquam convallis nunc. Proin at turpis a pede posuere nonummy. Integer non velit.', '2021-03-22 01:16:59', true);
insert into comments (comment_id, post_id, user_id, comment, creation_date, is_published) values (62, 39, 2, 'Proin leo odio, porttitor id, consequat in, consequat ut, nulla. Sed accumsan felis.', '2021-07-21 05:24:11', false);
insert into comments (comment_id, post_id, user_id, comment, creation_date, is_published) values (63, 24, 3, 'In congue. Etiam justo. Etiam pretium iaculis justo. In hac habitasse platea dictumst. Etiam faucibus cursus urna. Ut tellus. Nulla ut erat id mauris vulputate elementum.', '2023-03-01 04:43:31', true);
insert into comments (comment_id, post_id, user_id, comment, creation_date, is_published) values (64, 9, 3, 'Fusce posuere felis sed lacus. Morbi sem mauris, laoreet ut, rhoncus aliquet, pulvinar sed, nisl. Nunc rhoncus dui vel sem. Sed sagittis. Nam congue, risus semper porta volutpat, quam pede lobortis ligula, sit amet eleifend pede libero quis orci. Nullam molestie nibh in lectus. Pellentesque at nulla.', '2021-03-13 21:40:54', true);
insert into comments (comment_id, post_id, user_id, comment, creation_date, is_published) values (65, 2, 2, 'Donec diam neque, vestibulum eget, vulputate ut, ultrices vel, augue. Vestibulum ante ipsum primis in faucibus orci luctus et ultrices posuere cubilia Curae; Donec pharetra, magna vestibulum aliquet ultrices, erat tortor sollicitudin mi, sit amet lobortis sapien sapien non mi.', '2022-07-28 19:06:23', false);
insert into comments (comment_id, post_id, user_id, comment, creation_date, is_published) values (66, 2, 2, 'Nulla neque libero, convallis eget, eleifend luctus, ultricies eu, nibh. Quisque id justo sit amet sapien dignissim vestibulum. Vestibulum ante ipsum primis in faucibus orci luctus et ultrices posuere cubilia Curae; Nulla dapibus dolor vel est. Donec odio justo, sollicitudin ut, suscipit a, feugiat et, eros. Vestibulum ac est lacinia nisi venenatis tristique.', '2022-05-13 11:33:57', false);
insert into comments (comment_id, post_id, user_id, comment, creation_date, is_published) values (67, 16, 2, 'Fusce congue, diam id ornare imperdiet, sapien urna pretium nisl, ut volutpat sapien arcu sed augue. Aliquam erat volutpat. In congue. Etiam justo. Etiam pretium iaculis justo.', '2021-10-17 17:34:32', false);
insert into comments (comment_id, post_id, user_id, comment, creation_date, is_published) values (68, 40, 3, 'Ut at dolor quis odio consequat varius.', '2023-01-09 13:20:58', true);
insert into comments (comment_id, post_id, user_id, comment, creation_date, is_published) values (69, 39, 3, 'Curabitur in libero ut massa volutpat convallis. Morbi odio odio, elementum eu, interdum eu, tincidunt in, leo. Maecenas pulvinar lobortis est. Phasellus sit amet erat. Nulla tempus.', '2021-05-02 12:56:53', true);
insert into comments (comment_id, post_id, user_id, comment, creation_date, is_published) values (70, 33, 2, 'Duis ac nibh. Fusce lacus purus, aliquet at, feugiat non, pretium quis, lectus. Suspendisse potenti. In eleifend quam a odio.', '2022-05-14 03:00:55', false);
insert into comments (comment_id, post_id, user_id, comment, creation_date, is_published) values (71, 12, 2, 'Proin eu mi. Nulla ac enim. In tempor, turpis nec euismod scelerisque, quam turpis adipiscing lorem, vitae mattis nibh ligula nec sem. Duis aliquam convallis nunc. Proin at turpis a pede posuere nonummy. Integer non velit.', '2023-01-31 09:29:09', true);
insert into comments (comment_id, post_id, user_id, comment, creation_date, is_published) values (72, 20, 2, 'Aenean auctor gravida sem.', '2022-02-12 22:58:44', false);
insert into comments (comment_id, post_id, user_id, comment, creation_date, is_published) values (73, 32, 3, 'Nulla ut erat id mauris vulputate elementum. Nullam varius. Nulla facilisi. Cras non velit nec nisi vulputate nonummy.', '2023-05-19 05:09:23', false);
insert into comments (comment_id, post_id, user_id, comment, creation_date, is_published) values (74, 48, 1, 'Vivamus vestibulum sagittis sapien. Cum sociis natoque penatibus et magnis dis parturient montes, nascetur ridiculus mus. Etiam vel augue.', '2023-04-08 12:48:42', true);
insert into comments (comment_id, post_id, user_id, comment, creation_date, is_published) values (75, 50, 3, 'Nunc purus. Phasellus in felis. Donec semper sapien a libero. Nam dui. Proin leo odio, porttitor id, consequat in, consequat ut, nulla. Sed accumsan felis.', '2022-01-21 08:07:39', true);
insert into comments (comment_id, post_id, user_id, comment, creation_date, is_published) values (76, 42, 1, 'Morbi a ipsum. Integer a nibh. In quis justo. Maecenas rhoncus aliquam lacus.', '2022-02-28 01:13:19', true);
insert into comments (comment_id, post_id, user_id, comment, creation_date, is_published) values (77, 7, 2, 'Fusce congue, diam id ornare imperdiet, sapien urna pretium nisl, ut volutpat sapien arcu sed augue. Aliquam erat volutpat. In congue. Etiam justo.', '2022-04-23 20:09:20', false);
insert into comments (comment_id, post_id, user_id, comment, creation_date, is_published) values (78, 11, 1, 'In hac habitasse platea dictumst. Maecenas ut massa quis augue luctus tincidunt. Nulla mollis molestie lorem.', '2021-01-05 07:36:05', true);
insert into comments (comment_id, post_id, user_id, comment, creation_date, is_published) values (79, 35, 2, 'Pellentesque at nulla. Suspendisse potenti.', '2022-09-12 00:44:12', true);
insert into comments (comment_id, post_id, user_id, comment, creation_date, is_published) values (80, 47, 1, 'Praesent blandit lacinia erat. Vestibulum sed magna at nunc commodo placerat. Praesent blandit. Nam nulla. Integer pede justo, lacinia eget, tincidunt eget, tempus vel, pede.', '2020-12-11 16:24:41', true);
insert into comments (comment_id, post_id, user_id, comment, creation_date, is_published) values (81, 16, 1, 'Integer tincidunt ante vel ipsum. Praesent blandit lacinia erat. Vestibulum sed magna at nunc commodo placerat. Praesent blandit. Nam nulla.', '2022-03-09 12:06:49', true);
insert into comments (comment_id, post_id, user_id, comment, creation_date, is_published) values (82, 36, 3, 'In quis justo. Maecenas rhoncus aliquam lacus. Morbi quis tortor id nulla ultrices aliquet. Maecenas leo odio, condimentum id, luctus nec, molestie sed, justo. Pellentesque viverra pede ac diam.', '2021-12-14 02:03:06', true);
insert into comments (comment_id, post_id, user_id, comment, creation_date, is_published) values (83, 4, 1, 'Duis aliquam convallis nunc. Proin at turpis a pede posuere nonummy. Integer non velit. Donec diam neque, vestibulum eget, vulputate ut, ultrices vel, augue. Vestibulum ante ipsum primis in faucibus orci luctus et ultrices posuere cubilia Curae; Donec pharetra, magna vestibulum aliquet ultrices, erat tortor sollicitudin mi, sit amet lobortis sapien sapien non mi. Integer ac neque.', '2022-07-01 05:19:00', false);
insert into comments (comment_id, post_id, user_id, comment, creation_date, is_published) values (84, 42, 3, 'Integer non velit.', '2022-07-29 20:36:35', false);
insert into comments (comment_id, post_id, user_id, comment, creation_date, is_published) values (85, 38, 1, 'Donec quis orci eget orci vehicula condimentum. Curabitur in libero ut massa volutpat convallis. Morbi odio odio, elementum eu, interdum eu, tincidunt in, leo.', '2023-01-11 11:26:31', true);
insert into comments (comment_id, post_id, user_id, comment, creation_date, is_published) values (86, 17, 2, 'Fusce posuere felis sed lacus. Morbi sem mauris, laoreet ut, rhoncus aliquet, pulvinar sed, nisl. Nunc rhoncus dui vel sem. Sed sagittis. Nam congue, risus semper porta volutpat, quam pede lobortis ligula, sit amet eleifend pede libero quis orci. Nullam molestie nibh in lectus.', '2020-12-14 19:43:04', true);
insert into comments (comment_id, post_id, user_id, comment, creation_date, is_published) values (87, 31, 2, 'Morbi porttitor lorem id ligula. Suspendisse ornare consequat lectus. In est risus, auctor sed, tristique in, tempus sit amet, sem. Fusce consequat. Nulla nisl. Nunc nisl. Duis bibendum, felis sed interdum venenatis, turpis enim blandit mi, in porttitor pede justo eu massa.', '2023-01-28 16:24:05', false);
insert into comments (comment_id, post_id, user_id, comment, creation_date, is_published) values (88, 32, 1, 'Maecenas ut massa quis augue luctus tincidunt. Nulla mollis molestie lorem. Quisque ut erat. Curabitur gravida nisi at nibh. In hac habitasse platea dictumst. Aliquam augue quam, sollicitudin vitae, consectetuer eget, rutrum at, lorem.', '2023-02-02 22:21:43', false);
insert into comments (comment_id, post_id, user_id, comment, creation_date, is_published) values (89, 22, 1, 'Pellentesque at nulla. Suspendisse potenti. Cras in purus eu magna vulputate luctus. Cum sociis natoque penatibus et magnis dis parturient montes, nascetur ridiculus mus. Vivamus vestibulum sagittis sapien. Cum sociis natoque penatibus et magnis dis parturient montes, nascetur ridiculus mus. Etiam vel augue.', '2021-08-10 01:21:27', false);
insert into comments (comment_id, post_id, comment, creation_date, is_published) values (90, 21, 'Suspendisse ornare consequat lectus. In est risus, auctor sed, tristique in, tempus sit amet, sem. Fusce consequat. Nulla nisl. Nunc nisl.', '2021-03-28 19:02:57', false);
insert into comments (comment_id, post_id, user_id, comment, creation_date, is_published) values (91, 21, 3, 'Mauris enim leo, rhoncus sed, vestibulum sit amet, cursus id, turpis. Integer aliquet, massa id lobortis convallis, tortor risus dapibus augue, vel accumsan tellus nisi eu orci. Mauris lacinia sapien quis libero. Nullam sit amet turpis elementum ligula vehicula consequat.', '2021-08-01 01:03:34', false);
insert into comments (comment_id, post_id, user_id, comment, creation_date, is_published) values (92, 35, 1, 'Proin risus. Praesent lectus. Vestibulum quam sapien, varius ut, blandit non, interdum in, ante.', '2020-12-26 10:22:43', true);
insert into comments (comment_id, post_id, user_id, comment, creation_date, is_published) values (93, 7, 3, 'Aliquam quis turpis eget elit sodales scelerisque.', '2021-06-22 23:28:38', true);
insert into comments (comment_id, post_id, user_id, comment, creation_date, is_published) values (94, 18, 2, 'Integer a nibh. In quis justo. Maecenas rhoncus aliquam lacus.', '2021-09-23 16:10:41', true);
insert into comments (comment_id, post_id, user_id, comment, creation_date, is_published) values (95, 23, 1, 'Aliquam quis turpis eget elit sodales scelerisque. Mauris sit amet eros. Suspendisse accumsan tortor quis turpis. Sed ante. Vivamus tortor. Duis mattis egestas metus.', '2021-10-08 03:22:20', false);
insert into comments (comment_id, post_id, user_id, comment, creation_date, is_published) values (96, 29, 1, 'Etiam justo. Etiam pretium iaculis justo.', '2022-12-09 04:28:30', false);
insert into comments (comment_id, post_id, user_id, comment, creation_date, is_published) values (97, 6, 3, 'Lorem ipsum dolor sit amet, consectetuer adipiscing elit. Proin interdum mauris non ligula pellentesque ultrices. Phasellus id sapien in sapien iaculis congue. Vivamus metus arcu, adipiscing molestie, hendrerit at, vulputate vitae, nisl. Aenean lectus.', '2021-07-14 07:45:47', false);
insert into comments (comment_id, post_id, user_id, comment, creation_date, is_published) values (98, 20, 2, 'Cras non velit nec nisi vulputate nonummy. Maecenas tincidunt lacus at velit. Vivamus vel nulla eget eros elementum pellentesque. Quisque porta volutpat erat. Quisque erat eros, viverra eget, congue eget, semper rutrum, nulla.', '2021-03-04 01:10:09', true);
insert into comments (comment_id, post_id, user_id, comment, creation_date, is_published) values (99, 43, 1, 'Aenean fermentum. Donec ut mauris eget massa tempor convallis.', '2022-07-19 10:10:06', false);
insert into comments (comment_id, post_id, user_id, comment, creation_date, is_published) values (100, 47, 3, 'Aliquam quis turpis eget elit sodales scelerisque. Mauris sit amet eros. Suspendisse accumsan tortor quis turpis.', '2022-08-16 03:59:19', true);
insert into comments (comment_id, post_id, user_id, comment, creation_date, is_published) values (101, 17, 3, 'Praesent lectus.', '2022-01-28 14:18:54', false);
insert into comments (comment_id, post_id, user_id, comment, creation_date, is_published) values (102, 7, 1, 'Mauris sit amet eros. Suspendisse accumsan tortor quis turpis. Sed ante. Vivamus tortor.', '2022-04-04 04:13:16', true);
insert into comments (comment_id, post_id, user_id, comment, creation_date, is_published) values (103, 30, 1, 'Nam ultrices, libero non mattis pulvinar, nulla pede ullamcorper augue, a suscipit nulla elit ac nulla. Sed vel enim sit amet nunc viverra dapibus. Nulla suscipit ligula in lacus. Curabitur at ipsum ac tellus semper interdum.', '2022-04-27 03:30:05', false);
insert into comments (comment_id, post_id, user_id, comment, creation_date, is_published) values (104, 36, 3, 'Morbi vel lectus in quam fringilla rhoncus. Mauris enim leo, rhoncus sed, vestibulum sit amet, cursus id, turpis. Integer aliquet, massa id lobortis convallis, tortor risus dapibus augue, vel accumsan tellus nisi eu orci. Mauris lacinia sapien quis libero. Nullam sit amet turpis elementum ligula vehicula consequat. Morbi a ipsum.', '2022-06-28 06:35:00', false);
insert into comments (comment_id, post_id, user_id, comment, creation_date, is_published) values (105, 13, 1, 'Nunc nisl. Duis bibendum, felis sed interdum venenatis, turpis enim blandit mi, in porttitor pede justo eu massa. Donec dapibus. Duis at velit eu est congue elementum. In hac habitasse platea dictumst.', '2021-06-10 12:45:00', false);
insert into comments (comment_id, post_id, user_id, comment, creation_date, is_published) values (106, 37, 3, 'Nulla ut erat id mauris vulputate elementum. Nullam varius. Nulla facilisi. Cras non velit nec nisi vulputate nonummy. Maecenas tincidunt lacus at velit. Vivamus vel nulla eget eros elementum pellentesque. Quisque porta volutpat erat.', '2021-03-24 06:55:26', true);
insert into comments (comment_id, post_id, user_id, comment, creation_date, is_published) values (107, 41, 1, 'Nulla justo.', '2021-11-30 08:21:00', true);
insert into comments (comment_id, post_id, user_id, comment, creation_date, is_published) values (108, 19, 3, 'Sed ante. Vivamus tortor. Duis mattis egestas metus. Aenean fermentum. Donec ut mauris eget massa tempor convallis. Nulla neque libero, convallis eget, eleifend luctus, ultricies eu, nibh. Quisque id justo sit amet sapien dignissim vestibulum.', '2022-07-17 16:02:19', false);
insert into comments (comment_id, post_id, user_id, comment, creation_date, is_published) values (109, 38, 1, 'Aliquam non mauris. Morbi non lectus. Aliquam sit amet diam in magna bibendum imperdiet. Nullam orci pede, venenatis non, sodales sed, tincidunt eu, felis.', '2022-11-17 15:24:00', false);
insert into comments (comment_id, post_id, user_id, comment, creation_date, is_published) values (110, 35, 2, 'Maecenas ut massa quis augue luctus tincidunt. Nulla mollis molestie lorem. Quisque ut erat. Curabitur gravida nisi at nibh. In hac habitasse platea dictumst. Aliquam augue quam, sollicitudin vitae, consectetuer eget, rutrum at, lorem. Integer tincidunt ante vel ipsum.', '2021-12-23 07:46:06', true);
insert into comments (comment_id, post_id, user_id, comment, creation_date, is_published) values (111, 39, 1, 'Cras pellentesque volutpat dui.', '2022-08-06 21:04:11', true);
insert into comments (comment_id, post_id, user_id, comment, creation_date, is_published) values (112, 5, 1, 'Quisque ut erat.', '2021-09-18 04:06:06', false);
insert into comments (comment_id, post_id, user_id, comment, creation_date, is_published) values (113, 5, 1, 'Duis at velit eu est congue elementum. In hac habitasse platea dictumst. Morbi vestibulum, velit id pretium iaculis, diam erat fermentum justo, nec condimentum neque sapien placerat ante. Nulla justo.', '2023-03-02 02:17:20', true);
insert into comments (comment_id, post_id, user_id, comment, creation_date, is_published) values (114, 33, 3, 'Lorem ipsum dolor sit amet, consectetuer adipiscing elit. Proin interdum mauris non ligula pellentesque ultrices.', '2023-05-02 04:50:17', true);
insert into comments (comment_id, post_id, user_id, comment, creation_date, is_published) values (115, 26, 1, 'Lorem ipsum dolor sit amet, consectetuer adipiscing elit.', '2021-11-03 10:31:22', false);
insert into comments (comment_id, post_id, user_id, comment, creation_date, is_published) values (116, 31, 3, 'Ut tellus. Nulla ut erat id mauris vulputate elementum. Nullam varius.', '2022-07-03 04:27:21', true);
insert into comments (comment_id, post_id, user_id, comment, creation_date, is_published) values (117, 23, 2, 'Integer pede justo, lacinia eget, tincidunt eget, tempus vel, pede. Morbi porttitor lorem id ligula. Suspendisse ornare consequat lectus. In est risus, auctor sed, tristique in, tempus sit amet, sem. Fusce consequat.', '2021-06-21 08:24:24', true);
insert into comments (comment_id, post_id, user_id, comment, creation_date, is_published) values (118, 42, 1, 'Curabitur at ipsum ac tellus semper interdum.', '2022-03-31 13:14:15', true);
insert into comments (comment_id, post_id, user_id, comment, creation_date, is_published) values (119, 37, 2, 'Vestibulum sed magna at nunc commodo placerat. Praesent blandit. Nam nulla. Integer pede justo, lacinia eget, tincidunt eget, tempus vel, pede. Morbi porttitor lorem id ligula.', '2023-02-06 10:31:40', true);
insert into comments (comment_id, post_id, comment, creation_date, is_published) values (120, 35, 'Nulla suscipit ligula in lacus.', '2022-03-17 17:00:53', true);
insert into comments (comment_id, post_id, user_id, comment, creation_date, is_published) values (121, 19, 3, 'Duis mattis egestas metus. Aenean fermentum. Donec ut mauris eget massa tempor convallis. Nulla neque libero, convallis eget, eleifend luctus, ultricies eu, nibh. Quisque id justo sit amet sapien dignissim vestibulum. Vestibulum ante ipsum primis in faucibus orci luctus et ultrices posuere cubilia Curae; Nulla dapibus dolor vel est. Donec odio justo, sollicitudin ut, suscipit a, feugiat et, eros.', '2022-10-24 06:36:49', false);
insert into comments (comment_id, post_id, user_id, comment, creation_date, is_published) values (122, 23, 3, 'Proin interdum mauris non ligula pellentesque ultrices. Phasellus id sapien in sapien iaculis congue.', '2022-02-03 12:07:09', true);
insert into comments (comment_id, post_id, user_id, comment, creation_date, is_published) values (123, 10, 2, 'In hac habitasse platea dictumst. Morbi vestibulum, velit id pretium iaculis, diam erat fermentum justo, nec condimentum neque sapien placerat ante. Nulla justo.', '2023-04-12 22:40:20', true);
insert into comments (comment_id, post_id, user_id, comment, creation_date, is_published) values (124, 4, 2, 'Donec vitae nisi. Nam ultrices, libero non mattis pulvinar, nulla pede ullamcorper augue, a suscipit nulla elit ac nulla. Sed vel enim sit amet nunc viverra dapibus. Nulla suscipit ligula in lacus. Curabitur at ipsum ac tellus semper interdum. Mauris ullamcorper purus sit amet nulla. Quisque arcu libero, rutrum ac, lobortis vel, dapibus at, diam.', '2020-12-13 00:07:44', true);
insert into comments (comment_id, post_id, user_id, comment, creation_date, is_published) values (125, 46, 3, 'Donec dapibus. Duis at velit eu est congue elementum. In hac habitasse platea dictumst. Morbi vestibulum, velit id pretium iaculis, diam erat fermentum justo, nec condimentum neque sapien placerat ante.', '2022-07-02 11:19:08', false);
insert into comments (comment_id, post_id, user_id, comment, creation_date, is_published) values (126, 20, 2, 'Fusce consequat. Nulla nisl. Nunc nisl. Duis bibendum, felis sed interdum venenatis, turpis enim blandit mi, in porttitor pede justo eu massa. Donec dapibus. Duis at velit eu est congue elementum.', '2021-09-22 03:45:53', false);
insert into comments (comment_id, post_id, user_id, comment, creation_date, is_published) values (127, 29, 1, 'Curabitur in libero ut massa volutpat convallis. Morbi odio odio, elementum eu, interdum eu, tincidunt in, leo. Maecenas pulvinar lobortis est. Phasellus sit amet erat. Nulla tempus. Vivamus in felis eu sapien cursus vestibulum. Proin eu mi.', '2022-10-12 12:13:33', true);
insert into comments (comment_id, post_id, user_id, comment, creation_date, is_published) values (128, 21, 3, 'Lorem ipsum dolor sit amet, consectetuer adipiscing elit. Proin interdum mauris non ligula pellentesque ultrices. Phasellus id sapien in sapien iaculis congue. Vivamus metus arcu, adipiscing molestie, hendrerit at, vulputate vitae, nisl.', '2021-12-07 20:18:56', false);
insert into comments (comment_id, post_id, user_id, comment, creation_date, is_published) values (129, 29, 1, 'Proin interdum mauris non ligula pellentesque ultrices. Phasellus id sapien in sapien iaculis congue. Vivamus metus arcu, adipiscing molestie, hendrerit at, vulputate vitae, nisl. Aenean lectus. Pellentesque eget nunc.', '2022-07-31 21:09:14', false);
insert into comments (comment_id, post_id, user_id, comment, creation_date, is_published) values (130, 26, 1, 'Maecenas tristique, est et tempus semper, est quam pharetra magna, ac consequat metus sapien ut nunc. Vestibulum ante ipsum primis in faucibus orci luctus et ultrices posuere cubilia Curae; Mauris viverra diam vitae quam. Suspendisse potenti. Nullam porttitor lacus at turpis. Donec posuere metus vitae ipsum. Aliquam non mauris.', '2021-02-16 15:56:44', false);
insert into comments (comment_id, post_id, user_id, comment, creation_date, is_published) values (131, 44, 1, 'Nam ultrices, libero non mattis pulvinar, nulla pede ullamcorper augue, a suscipit nulla elit ac nulla. Sed vel enim sit amet nunc viverra dapibus.', '2021-07-09 04:42:59', true);
insert into comments (comment_id, post_id, user_id, comment, creation_date, is_published) values (132, 20, 1, 'Aliquam quis turpis eget elit sodales scelerisque. Mauris sit amet eros. Suspendisse accumsan tortor quis turpis. Sed ante. Vivamus tortor. Duis mattis egestas metus. Aenean fermentum.', '2021-11-02 15:02:14', false);
insert into comments (comment_id, post_id, user_id, comment, creation_date, is_published) values (133, 7, 1, 'Aliquam non mauris. Morbi non lectus. Aliquam sit amet diam in magna bibendum imperdiet. Nullam orci pede, venenatis non, sodales sed, tincidunt eu, felis. Fusce posuere felis sed lacus. Morbi sem mauris, laoreet ut, rhoncus aliquet, pulvinar sed, nisl.', '2022-11-16 00:08:01', true);
insert into comments (comment_id, post_id, user_id, comment, creation_date, is_published) values (134, 36, 3, 'Nam dui. Proin leo odio, porttitor id, consequat in, consequat ut, nulla. Sed accumsan felis. Ut at dolor quis odio consequat varius. Integer ac leo. Pellentesque ultrices mattis odio. Donec vitae nisi.', '2022-10-03 04:25:36', true);
insert into comments (comment_id, post_id, user_id, comment, creation_date, is_published) values (135, 29, 3, 'Etiam pretium iaculis justo. In hac habitasse platea dictumst. Etiam faucibus cursus urna. Ut tellus. Nulla ut erat id mauris vulputate elementum. Nullam varius. Nulla facilisi.', '2022-11-28 20:43:36', true);
insert into comments (comment_id, post_id, user_id, comment, creation_date, is_published) values (136, 50, 2, 'Cras in purus eu magna vulputate luctus. Cum sociis natoque penatibus et magnis dis parturient montes, nascetur ridiculus mus. Vivamus vestibulum sagittis sapien. Cum sociis natoque penatibus et magnis dis parturient montes, nascetur ridiculus mus.', '2022-08-26 14:52:52', true);
insert into comments (comment_id, post_id, user_id, comment, creation_date, is_published) values (137, 25, 2, 'Nulla facilisi. Cras non velit nec nisi vulputate nonummy. Maecenas tincidunt lacus at velit. Vivamus vel nulla eget eros elementum pellentesque. Quisque porta volutpat erat. Quisque erat eros, viverra eget, congue eget, semper rutrum, nulla.', '2021-08-03 13:39:42', false);
insert into comments (comment_id, post_id, user_id, comment, creation_date, is_published) values (138, 12, 1, 'Nunc nisl. Duis bibendum, felis sed interdum venenatis, turpis enim blandit mi, in porttitor pede justo eu massa. Donec dapibus.', '2022-12-08 21:32:45', true);
insert into comments (comment_id, post_id, user_id, comment, creation_date, is_published) values (139, 30, 2, 'Quisque ut erat. Curabitur gravida nisi at nibh. In hac habitasse platea dictumst. Aliquam augue quam, sollicitudin vitae, consectetuer eget, rutrum at, lorem. Integer tincidunt ante vel ipsum.', '2023-01-18 12:38:10', false);
insert into comments (comment_id, post_id, user_id, comment, creation_date, is_published) values (140, 18, 2, 'Morbi ut odio.', '2020-10-25 07:15:12', false);
insert into comments (comment_id, post_id, user_id, comment, creation_date, is_published) values (141, 24, 3, 'In est risus, auctor sed, tristique in, tempus sit amet, sem. Fusce consequat. Nulla nisl. Nunc nisl. Duis bibendum, felis sed interdum venenatis, turpis enim blandit mi, in porttitor pede justo eu massa.', '2023-05-15 11:36:04', false);
insert into comments (comment_id, post_id, user_id, comment, creation_date, is_published) values (142, 27, 1, 'Cras mi pede, malesuada in, imperdiet et, commodo vulputate, justo. In blandit ultrices enim. Lorem ipsum dolor sit amet, consectetuer adipiscing elit. Proin interdum mauris non ligula pellentesque ultrices. Phasellus id sapien in sapien iaculis congue. Vivamus metus arcu, adipiscing molestie, hendrerit at, vulputate vitae, nisl.', '2021-11-14 23:47:25', false);
insert into comments (comment_id, post_id, user_id, comment, creation_date, is_published) values (143, 19, 2, 'Vivamus vestibulum sagittis sapien. Cum sociis natoque penatibus et magnis dis parturient montes, nascetur ridiculus mus. Etiam vel augue.', '2021-09-25 08:39:58', false);
insert into comments (comment_id, post_id, user_id, comment, creation_date, is_published) values (144, 29, 2, 'Suspendisse ornare consequat lectus. In est risus, auctor sed, tristique in, tempus sit amet, sem. Fusce consequat. Nulla nisl. Nunc nisl.', '2022-04-08 21:00:11', false);
insert into comments (comment_id, post_id, user_id, comment, creation_date, is_published) values (145, 44, 2, 'Duis ac nibh. Fusce lacus purus, aliquet at, feugiat non, pretium quis, lectus.', '2022-10-21 03:27:08', true);
insert into comments (comment_id, post_id, user_id, comment, creation_date, is_published) values (146, 31, 1, 'Etiam justo. Etiam pretium iaculis justo.', '2022-06-15 04:03:39', true);
insert into comments (comment_id, post_id, user_id, comment, creation_date, is_published) values (147, 29, 3, 'In hac habitasse platea dictumst. Morbi vestibulum, velit id pretium iaculis, diam erat fermentum justo, nec condimentum neque sapien placerat ante. Nulla justo. Aliquam quis turpis eget elit sodales scelerisque. Mauris sit amet eros.', '2021-07-25 12:06:35', true);
insert into comments (comment_id, post_id, user_id, comment, creation_date, is_published) values (148, 12, 1, 'Aliquam augue quam, sollicitudin vitae, consectetuer eget, rutrum at, lorem. Integer tincidunt ante vel ipsum. Praesent blandit lacinia erat. Vestibulum sed magna at nunc commodo placerat.', '2022-04-07 12:18:09', false);
insert into comments (comment_id, post_id, user_id, comment, creation_date, is_published) values (149, 25, 1, 'Nullam porttitor lacus at turpis. Donec posuere metus vitae ipsum. Aliquam non mauris. Morbi non lectus.', '2022-09-30 17:14:03', true);
insert into comments (comment_id, post_id, comment, creation_date, is_published) values (150, 16, 'Nullam molestie nibh in lectus. Pellentesque at nulla. Suspendisse potenti. Cras in purus eu magna vulputate luctus. Cum sociis natoque penatibus et magnis dis parturient montes, nascetur ridiculus mus. Vivamus vestibulum sagittis sapien. Cum sociis natoque penatibus et magnis dis parturient montes, nascetur ridiculus mus.', '2022-03-29 09:58:45', false);
insert into comments (comment_id, post_id, user_id, comment, creation_date, is_published) values (151, 12, 1, 'Suspendisse potenti. Cras in purus eu magna vulputate luctus. Cum sociis natoque penatibus et magnis dis parturient montes, nascetur ridiculus mus. Vivamus vestibulum sagittis sapien. Cum sociis natoque penatibus et magnis dis parturient montes, nascetur ridiculus mus. Etiam vel augue. Vestibulum rutrum rutrum neque.', '2022-04-28 15:32:55', true);
insert into comments (comment_id, post_id, user_id, comment, creation_date, is_published) values (152, 7, 1, 'Aenean fermentum.', '2021-09-28 14:57:40', false);
insert into comments (comment_id, post_id, user_id, comment, creation_date, is_published) values (153, 22, 2, 'Suspendisse ornare consequat lectus.', '2022-08-01 21:39:04', true);
insert into comments (comment_id, post_id, user_id, comment, creation_date, is_published) values (154, 20, 1, 'In blandit ultrices enim. Lorem ipsum dolor sit amet, consectetuer adipiscing elit. Proin interdum mauris non ligula pellentesque ultrices. Phasellus id sapien in sapien iaculis congue. Vivamus metus arcu, adipiscing molestie, hendrerit at, vulputate vitae, nisl. Aenean lectus. Pellentesque eget nunc.', '2023-03-16 05:51:59', false);
insert into comments (comment_id, post_id, user_id, comment, creation_date, is_published) values (155, 38, 1, 'Donec ut dolor. Morbi vel lectus in quam fringilla rhoncus. Mauris enim leo, rhoncus sed, vestibulum sit amet, cursus id, turpis. Integer aliquet, massa id lobortis convallis, tortor risus dapibus augue, vel accumsan tellus nisi eu orci. Mauris lacinia sapien quis libero. Nullam sit amet turpis elementum ligula vehicula consequat. Morbi a ipsum.', '2022-03-15 08:34:38', true);
insert into comments (comment_id, post_id, user_id, comment, creation_date, is_published) values (156, 43, 3, 'Integer ac leo. Pellentesque ultrices mattis odio. Donec vitae nisi. Nam ultrices, libero non mattis pulvinar, nulla pede ullamcorper augue, a suscipit nulla elit ac nulla. Sed vel enim sit amet nunc viverra dapibus.', '2022-10-27 16:47:52', true);
insert into comments (comment_id, post_id, user_id, comment, creation_date, is_published) values (157, 31, 2, 'Duis ac nibh. Fusce lacus purus, aliquet at, feugiat non, pretium quis, lectus. Suspendisse potenti.', '2021-06-03 09:37:34', false);
insert into comments (comment_id, post_id, user_id, comment, creation_date, is_published) values (158, 32, 2, 'Vestibulum quam sapien, varius ut, blandit non, interdum in, ante. Vestibulum ante ipsum primis in faucibus orci luctus et ultrices posuere cubilia Curae; Duis faucibus accumsan odio. Curabitur convallis. Duis consequat dui nec nisi volutpat eleifend. Donec ut dolor. Morbi vel lectus in quam fringilla rhoncus. Mauris enim leo, rhoncus sed, vestibulum sit amet, cursus id, turpis.', '2022-03-10 03:30:00', true);
insert into comments (comment_id, post_id, user_id, comment, creation_date, is_published) values (159, 26, 3, 'In eleifend quam a odio. In hac habitasse platea dictumst. Maecenas ut massa quis augue luctus tincidunt. Nulla mollis molestie lorem. Quisque ut erat. Curabitur gravida nisi at nibh.', '2020-11-27 21:39:44', true);
insert into comments (comment_id, post_id, user_id, comment, creation_date, is_published) values (160, 4, 3, 'Nam congue, risus semper porta volutpat, quam pede lobortis ligula, sit amet eleifend pede libero quis orci. Nullam molestie nibh in lectus. Pellentesque at nulla. Suspendisse potenti. Cras in purus eu magna vulputate luctus. Cum sociis natoque penatibus et magnis dis parturient montes, nascetur ridiculus mus.', '2022-06-28 23:05:18', true);
insert into comments (comment_id, post_id, user_id, comment, creation_date, is_published) values (161, 8, 2, 'Integer ac neque. Duis bibendum. Morbi non quam nec dui luctus rutrum. Nulla tellus.', '2022-03-04 23:49:32', false);
insert into comments (comment_id, post_id, user_id, comment, creation_date, is_published) values (162, 46, 1, 'Suspendisse potenti. In eleifend quam a odio. In hac habitasse platea dictumst. Maecenas ut massa quis augue luctus tincidunt. Nulla mollis molestie lorem.', '2022-12-22 13:23:56', true);
insert into comments (comment_id, post_id, user_id, comment, creation_date, is_published) values (163, 10, 3, 'Fusce consequat. Nulla nisl. Nunc nisl. Duis bibendum, felis sed interdum venenatis, turpis enim blandit mi, in porttitor pede justo eu massa.', '2023-05-22 06:27:18', true);
insert into comments (comment_id, post_id, user_id, comment, creation_date, is_published) values (164, 34, 1, 'Praesent id massa id nisl venenatis lacinia. Aenean sit amet justo.', '2022-05-15 20:12:51', true);
insert into comments (comment_id, post_id, user_id, comment, creation_date, is_published) values (165, 45, 1, 'Donec posuere metus vitae ipsum. Aliquam non mauris. Morbi non lectus. Aliquam sit amet diam in magna bibendum imperdiet.', '2022-05-24 07:50:56', false);
insert into comments (comment_id, post_id, user_id, comment, creation_date, is_published) values (166, 47, 1, 'Sed sagittis. Nam congue, risus semper porta volutpat, quam pede lobortis ligula, sit amet eleifend pede libero quis orci. Nullam molestie nibh in lectus. Pellentesque at nulla. Suspendisse potenti. Cras in purus eu magna vulputate luctus. Cum sociis natoque penatibus et magnis dis parturient montes, nascetur ridiculus mus.', '2022-01-01 21:19:08', false);
insert into comments (comment_id, post_id, user_id, comment, creation_date, is_published) values (167, 12, 3, 'Duis at velit eu est congue elementum. In hac habitasse platea dictumst. Morbi vestibulum, velit id pretium iaculis, diam erat fermentum justo, nec condimentum neque sapien placerat ante. Nulla justo.', '2023-02-20 22:57:38', false);
insert into comments (comment_id, post_id, user_id, comment, creation_date, is_published) values (168, 11, 2, 'Quisque id justo sit amet sapien dignissim vestibulum. Vestibulum ante ipsum primis in faucibus orci luctus et ultrices posuere cubilia Curae; Nulla dapibus dolor vel est. Donec odio justo, sollicitudin ut, suscipit a, feugiat et, eros. Vestibulum ac est lacinia nisi venenatis tristique. Fusce congue, diam id ornare imperdiet, sapien urna pretium nisl, ut volutpat sapien arcu sed augue. Aliquam erat volutpat.', '2021-11-27 23:13:36', true);
insert into comments (comment_id, post_id, user_id, comment, creation_date, is_published) values (169, 11, 3, 'Phasellus in felis. Donec semper sapien a libero. Nam dui. Proin leo odio, porttitor id, consequat in, consequat ut, nulla. Sed accumsan felis.', '2022-08-26 15:21:45', false);
insert into comments (comment_id, post_id, user_id, comment, creation_date, is_published) values (170, 32, 1, 'Quisque id justo sit amet sapien dignissim vestibulum. Vestibulum ante ipsum primis in faucibus orci luctus et ultrices posuere cubilia Curae; Nulla dapibus dolor vel est.', '2022-01-19 06:27:14', false);
insert into comments (comment_id, post_id, user_id, comment, creation_date, is_published) values (171, 41, 3, 'Duis ac nibh. Fusce lacus purus, aliquet at, feugiat non, pretium quis, lectus. Suspendisse potenti. In eleifend quam a odio. In hac habitasse platea dictumst.', '2022-12-16 23:38:00', false);
insert into comments (comment_id, post_id, user_id, comment, creation_date, is_published) values (172, 17, 2, 'Quisque id justo sit amet sapien dignissim vestibulum. Vestibulum ante ipsum primis in faucibus orci luctus et ultrices posuere cubilia Curae; Nulla dapibus dolor vel est. Donec odio justo, sollicitudin ut, suscipit a, feugiat et, eros.', '2022-04-07 16:45:37', true);
insert into comments (comment_id, post_id, user_id, comment, creation_date, is_published) values (173, 29, 1, 'Praesent id massa id nisl venenatis lacinia. Aenean sit amet justo. Morbi ut odio. Cras mi pede, malesuada in, imperdiet et, commodo vulputate, justo. In blandit ultrices enim. Lorem ipsum dolor sit amet, consectetuer adipiscing elit.', '2021-05-08 19:03:16', true);
insert into comments (comment_id, post_id, user_id, comment, creation_date, is_published) values (174, 19, 1, 'Suspendisse ornare consequat lectus. In est risus, auctor sed, tristique in, tempus sit amet, sem.', '2022-09-11 10:48:48', true);
insert into comments (comment_id, post_id, user_id, comment, creation_date, is_published) values (175, 25, 2, 'Nulla justo. Aliquam quis turpis eget elit sodales scelerisque. Mauris sit amet eros. Suspendisse accumsan tortor quis turpis. Sed ante. Vivamus tortor.', '2021-07-06 23:51:30', false);
insert into comments (comment_id, post_id, user_id, comment, creation_date, is_published) values (176, 12, 1, 'Lorem ipsum dolor sit amet, consectetuer adipiscing elit. Proin interdum mauris non ligula pellentesque ultrices. Phasellus id sapien in sapien iaculis congue. Vivamus metus arcu, adipiscing molestie, hendrerit at, vulputate vitae, nisl. Aenean lectus.', '2021-04-09 13:51:17', false);
insert into comments (comment_id, post_id, user_id, comment, creation_date, is_published) values (177, 41, 1, 'Donec ut mauris eget massa tempor convallis. Nulla neque libero, convallis eget, eleifend luctus, ultricies eu, nibh. Quisque id justo sit amet sapien dignissim vestibulum. Vestibulum ante ipsum primis in faucibus orci luctus et ultrices posuere cubilia Curae; Nulla dapibus dolor vel est.', '2021-08-03 01:42:39', false);
insert into comments (comment_id, post_id, user_id, comment, creation_date, is_published) values (178, 11, 3, 'Cras in purus eu magna vulputate luctus. Cum sociis natoque penatibus et magnis dis parturient montes, nascetur ridiculus mus. Vivamus vestibulum sagittis sapien. Cum sociis natoque penatibus et magnis dis parturient montes, nascetur ridiculus mus.', '2022-11-05 04:09:03', true);
insert into comments (comment_id, post_id, comment, creation_date, is_published) values (179, 14, 'Maecenas rhoncus aliquam lacus. Morbi quis tortor id nulla ultrices aliquet. Maecenas leo odio, condimentum id, luctus nec, molestie sed, justo. Pellentesque viverra pede ac diam. Cras pellentesque volutpat dui. Maecenas tristique, est et tempus semper, est quam pharetra magna, ac consequat metus sapien ut nunc.', '2022-01-13 11:40:43', false);
insert into comments (comment_id, post_id, user_id, comment, creation_date, is_published) values (180, 47, 1, 'In eleifend quam a odio. In hac habitasse platea dictumst. Maecenas ut massa quis augue luctus tincidunt. Nulla mollis molestie lorem. Quisque ut erat. Curabitur gravida nisi at nibh. In hac habitasse platea dictumst.', '2020-12-22 17:18:30', false);
insert into comments (comment_id, post_id, user_id, comment, creation_date, is_published) values (181, 20, 3, 'Lorem ipsum dolor sit amet, consectetuer adipiscing elit.', '2021-03-18 13:50:12', false);
insert into comments (comment_id, post_id, user_id, comment, creation_date, is_published) values (182, 17, 1, 'Duis consequat dui nec nisi volutpat eleifend. Donec ut dolor. Morbi vel lectus in quam fringilla rhoncus. Mauris enim leo, rhoncus sed, vestibulum sit amet, cursus id, turpis.', '2021-06-01 09:24:22', false);
insert into comments (comment_id, post_id, user_id, comment, creation_date, is_published) values (183, 15, 3, 'Nunc rhoncus dui vel sem. Sed sagittis. Nam congue, risus semper porta volutpat, quam pede lobortis ligula, sit amet eleifend pede libero quis orci. Nullam molestie nibh in lectus.', '2021-01-12 07:58:49', false);
insert into comments (comment_id, post_id, user_id, comment, creation_date, is_published) values (184, 40, 2, 'Maecenas tincidunt lacus at velit. Vivamus vel nulla eget eros elementum pellentesque.', '2021-12-11 01:32:16', false);
insert into comments (comment_id, post_id, user_id, comment, creation_date, is_published) values (185, 39, 3, 'In congue. Etiam justo.', '2021-12-19 16:35:14', false);
insert into comments (comment_id, post_id, user_id, comment, creation_date, is_published) values (186, 7, 1, 'Quisque porta volutpat erat. Quisque erat eros, viverra eget, congue eget, semper rutrum, nulla.', '2022-06-19 19:17:08', false);
insert into comments (comment_id, post_id, user_id, comment, creation_date, is_published) values (187, 3, 2, 'Quisque id justo sit amet sapien dignissim vestibulum. Vestibulum ante ipsum primis in faucibus orci luctus et ultrices posuere cubilia Curae; Nulla dapibus dolor vel est. Donec odio justo, sollicitudin ut, suscipit a, feugiat et, eros. Vestibulum ac est lacinia nisi venenatis tristique.', '2022-12-07 02:17:48', true);
insert into comments (comment_id, post_id, user_id, comment, creation_date, is_published) values (188, 42, 2, 'Morbi vestibulum, velit id pretium iaculis, diam erat fermentum justo, nec condimentum neque sapien placerat ante. Nulla justo. Aliquam quis turpis eget elit sodales scelerisque. Mauris sit amet eros. Suspendisse accumsan tortor quis turpis. Sed ante.', '2022-07-20 14:21:01', false);
insert into comments (comment_id, post_id, user_id, comment, creation_date, is_published) values (189, 28, 2, 'Fusce congue, diam id ornare imperdiet, sapien urna pretium nisl, ut volutpat sapien arcu sed augue. Aliquam erat volutpat. In congue. Etiam justo. Etiam pretium iaculis justo.', '2022-02-12 09:44:50', true);
insert into comments (comment_id, post_id, user_id, comment, creation_date, is_published) values (190, 12, 1, 'Duis mattis egestas metus. Aenean fermentum. Donec ut mauris eget massa tempor convallis. Nulla neque libero, convallis eget, eleifend luctus, ultricies eu, nibh. Quisque id justo sit amet sapien dignissim vestibulum. Vestibulum ante ipsum primis in faucibus orci luctus et ultrices posuere cubilia Curae; Nulla dapibus dolor vel est. Donec odio justo, sollicitudin ut, suscipit a, feugiat et, eros.', '2021-05-30 03:12:02', false);
insert into comments (comment_id, post_id, user_id, comment, creation_date, is_published) values (191, 24, 1, 'Cum sociis natoque penatibus et magnis dis parturient montes, nascetur ridiculus mus. Etiam vel augue. Vestibulum rutrum rutrum neque. Aenean auctor gravida sem. Praesent id massa id nisl venenatis lacinia. Aenean sit amet justo. Morbi ut odio.', '2021-07-19 16:16:59', false);
insert into comments (comment_id, post_id, user_id, comment, creation_date, is_published) values (192, 1, 2, 'Cras mi pede, malesuada in, imperdiet et, commodo vulputate, justo. In blandit ultrices enim. Lorem ipsum dolor sit amet, consectetuer adipiscing elit. Proin interdum mauris non ligula pellentesque ultrices.', '2023-04-11 21:14:16', true);
insert into comments (comment_id, post_id, user_id, comment, creation_date, is_published) values (193, 22, 3, 'Maecenas tincidunt lacus at velit. Vivamus vel nulla eget eros elementum pellentesque. Quisque porta volutpat erat. Quisque erat eros, viverra eget, congue eget, semper rutrum, nulla. Nunc purus. Phasellus in felis. Donec semper sapien a libero.', '2021-11-01 22:09:28', false);
insert into comments (comment_id, post_id, user_id, comment, creation_date, is_published) values (194, 15, 1, 'Morbi non lectus. Aliquam sit amet diam in magna bibendum imperdiet. Nullam orci pede, venenatis non, sodales sed, tincidunt eu, felis. Fusce posuere felis sed lacus. Morbi sem mauris, laoreet ut, rhoncus aliquet, pulvinar sed, nisl. Nunc rhoncus dui vel sem.', '2020-11-23 14:00:24', false);
insert into comments (comment_id, post_id, user_id, comment, creation_date, is_published) values (195, 44, 1, 'Duis aliquam convallis nunc. Proin at turpis a pede posuere nonummy. Integer non velit. Donec diam neque, vestibulum eget, vulputate ut, ultrices vel, augue. Vestibulum ante ipsum primis in faucibus orci luctus et ultrices posuere cubilia Curae; Donec pharetra, magna vestibulum aliquet ultrices, erat tortor sollicitudin mi, sit amet lobortis sapien sapien non mi. Integer ac neque.', '2021-12-31 02:07:51', false);
insert into comments (comment_id, post_id, user_id, comment, creation_date, is_published) values (196, 6, 2, 'Integer ac neque.', '2022-04-20 07:09:41', true);
insert into comments (comment_id, post_id, user_id, comment, creation_date, is_published) values (197, 20, 2, 'Nam nulla. Integer pede justo, lacinia eget, tincidunt eget, tempus vel, pede. Morbi porttitor lorem id ligula. Suspendisse ornare consequat lectus. In est risus, auctor sed, tristique in, tempus sit amet, sem. Fusce consequat.', '2021-03-15 01:06:21', true);
insert into comments (comment_id, post_id, user_id, comment, creation_date, is_published) values (198, 30, 1, 'Suspendisse accumsan tortor quis turpis. Sed ante.', '2021-10-02 20:01:35', true);
insert into comments (comment_id, post_id, user_id, comment, creation_date, is_published) values (199, 30, 3, 'Mauris sit amet eros. Suspendisse accumsan tortor quis turpis. Sed ante. Vivamus tortor. Duis mattis egestas metus. Aenean fermentum.', '2023-06-02 12:21:46', false);
insert into comments (comment_id, post_id, user_id, comment, creation_date, is_published) values (200, 25, 1, 'Praesent lectus. Vestibulum quam sapien, varius ut, blandit non, interdum in, ante. Vestibulum ante ipsum primis in faucibus orci luctus et ultrices posuere cubilia Curae; Duis faucibus accumsan odio. Curabitur convallis.', '2021-04-26 14:31:28', true);
insert into comments (comment_id, post_id, user_id, comment, creation_date, is_published) values (201, 2, 3, 'Curabitur gravida nisi at nibh. In hac habitasse platea dictumst. Aliquam augue quam, sollicitudin vitae, consectetuer eget, rutrum at, lorem. Integer tincidunt ante vel ipsum. Praesent blandit lacinia erat.', '2023-03-24 12:53:07', true);
insert into comments (comment_id, post_id, user_id, comment, creation_date, is_published) values (202, 28, 2, 'Vivamus tortor. Duis mattis egestas metus. Aenean fermentum. Donec ut mauris eget massa tempor convallis. Nulla neque libero, convallis eget, eleifend luctus, ultricies eu, nibh. Quisque id justo sit amet sapien dignissim vestibulum.', '2023-03-18 05:28:49', true);
insert into comments (comment_id, post_id, user_id, comment, creation_date, is_published) values (203, 29, 3, 'Vestibulum sed magna at nunc commodo placerat. Praesent blandit.', '2022-07-02 04:48:32', true);
insert into comments (comment_id, post_id, user_id, comment, creation_date, is_published) values (204, 28, 3, 'In hac habitasse platea dictumst.', '2022-06-21 14:15:09', false);
insert into comments (comment_id, post_id, user_id, comment, creation_date, is_published) values (205, 30, 1, 'Quisque id justo sit amet sapien dignissim vestibulum. Vestibulum ante ipsum primis in faucibus orci luctus et ultrices posuere cubilia Curae; Nulla dapibus dolor vel est. Donec odio justo, sollicitudin ut, suscipit a, feugiat et, eros. Vestibulum ac est lacinia nisi venenatis tristique.', '2023-01-06 10:47:03', true);
insert into comments (comment_id, post_id, user_id, comment, creation_date, is_published) values (206, 49, 1, 'Nullam porttitor lacus at turpis. Donec posuere metus vitae ipsum. Aliquam non mauris.', '2022-12-06 11:58:30', false);
insert into comments (comment_id, post_id, user_id, comment, creation_date, is_published) values (207, 10, 2, 'Vestibulum rutrum rutrum neque. Aenean auctor gravida sem. Praesent id massa id nisl venenatis lacinia.', '2023-04-05 03:00:41', false);
insert into comments (comment_id, post_id, user_id, comment, creation_date, is_published) values (208, 30, 2, 'Phasellus in felis. Donec semper sapien a libero. Nam dui. Proin leo odio, porttitor id, consequat in, consequat ut, nulla. Sed accumsan felis. Ut at dolor quis odio consequat varius.', '2021-10-15 06:29:01', true);
insert into comments (comment_id, post_id, user_id, comment, creation_date, is_published) values (209, 14, 3, 'Mauris sit amet eros. Suspendisse accumsan tortor quis turpis. Sed ante. Vivamus tortor. Duis mattis egestas metus.', '2021-10-15 12:30:53', false);
insert into comments (comment_id, post_id, comment, creation_date, is_published) values (210, 7, 'Quisque id justo sit amet sapien dignissim vestibulum. Vestibulum ante ipsum primis in faucibus orci luctus et ultrices posuere cubilia Curae; Nulla dapibus dolor vel est. Donec odio justo, sollicitudin ut, suscipit a, feugiat et, eros. Vestibulum ac est lacinia nisi venenatis tristique. Fusce congue, diam id ornare imperdiet, sapien urna pretium nisl, ut volutpat sapien arcu sed augue. Aliquam erat volutpat. In congue.', '2023-02-16 05:29:20', true);
insert into comments (comment_id, post_id, user_id, comment, creation_date, is_published) values (211, 20, 3, 'Aenean lectus.', '2023-05-21 02:10:17', false);
insert into comments (comment_id, post_id, user_id, comment, creation_date, is_published) values (212, 24, 3, 'Vestibulum rutrum rutrum neque. Aenean auctor gravida sem. Praesent id massa id nisl venenatis lacinia. Aenean sit amet justo. Morbi ut odio. Cras mi pede, malesuada in, imperdiet et, commodo vulputate, justo.', '2020-12-29 20:11:47', false);
insert into comments (comment_id, post_id, user_id, comment, creation_date, is_published) values (213, 45, 1, 'Cras pellentesque volutpat dui. Maecenas tristique, est et tempus semper, est quam pharetra magna, ac consequat metus sapien ut nunc. Vestibulum ante ipsum primis in faucibus orci luctus et ultrices posuere cubilia Curae; Mauris viverra diam vitae quam. Suspendisse potenti. Nullam porttitor lacus at turpis.', '2021-03-19 07:58:21', false);
insert into comments (comment_id, post_id, user_id, comment, creation_date, is_published) values (214, 26, 1, 'Suspendisse potenti. Cras in purus eu magna vulputate luctus. Cum sociis natoque penatibus et magnis dis parturient montes, nascetur ridiculus mus. Vivamus vestibulum sagittis sapien. Cum sociis natoque penatibus et magnis dis parturient montes, nascetur ridiculus mus.', '2021-08-27 10:24:01', true);
insert into comments (comment_id, post_id, user_id, comment, creation_date, is_published) values (215, 26, 2, 'In sagittis dui vel nisl. Duis ac nibh. Fusce lacus purus, aliquet at, feugiat non, pretium quis, lectus. Suspendisse potenti. In eleifend quam a odio. In hac habitasse platea dictumst. Maecenas ut massa quis augue luctus tincidunt.', '2021-03-23 17:00:31', false);
insert into comments (comment_id, post_id, user_id, comment, creation_date, is_published) values (216, 49, 3, 'Praesent lectus. Vestibulum quam sapien, varius ut, blandit non, interdum in, ante. Vestibulum ante ipsum primis in faucibus orci luctus et ultrices posuere cubilia Curae; Duis faucibus accumsan odio. Curabitur convallis.', '2023-03-21 09:29:57', true);
insert into comments (comment_id, post_id, user_id, comment, creation_date, is_published) values (217, 48, 2, 'Cras pellentesque volutpat dui. Maecenas tristique, est et tempus semper, est quam pharetra magna, ac consequat metus sapien ut nunc. Vestibulum ante ipsum primis in faucibus orci luctus et ultrices posuere cubilia Curae; Mauris viverra diam vitae quam. Suspendisse potenti. Nullam porttitor lacus at turpis. Donec posuere metus vitae ipsum.', '2022-06-22 13:06:55', true);
insert into comments (comment_id, post_id, user_id, comment, creation_date, is_published) values (218, 50, 3, 'Proin interdum mauris non ligula pellentesque ultrices. Phasellus id sapien in sapien iaculis congue. Vivamus metus arcu, adipiscing molestie, hendrerit at, vulputate vitae, nisl. Aenean lectus. Pellentesque eget nunc. Donec quis orci eget orci vehicula condimentum.', '2021-02-21 02:57:10', true);
insert into comments (comment_id, post_id, user_id, comment, creation_date, is_published) values (219, 16, 1, 'Nulla tempus. Vivamus in felis eu sapien cursus vestibulum.', '2021-08-31 17:23:51', false);
insert into comments (comment_id, post_id, user_id, comment, creation_date, is_published) values (220, 42, 3, 'Vestibulum ante ipsum primis in faucibus orci luctus et ultrices posuere cubilia Curae; Duis faucibus accumsan odio. Curabitur convallis. Duis consequat dui nec nisi volutpat eleifend. Donec ut dolor. Morbi vel lectus in quam fringilla rhoncus.', '2022-05-14 22:55:09', true);
insert into comments (comment_id, post_id, user_id, comment, creation_date, is_published) values (221, 2, 3, 'Lorem ipsum dolor sit amet, consectetuer adipiscing elit. Proin risus. Praesent lectus. Vestibulum quam sapien, varius ut, blandit non, interdum in, ante. Vestibulum ante ipsum primis in faucibus orci luctus et ultrices posuere cubilia Curae; Duis faucibus accumsan odio.', '2020-12-14 01:57:01', false);
insert into comments (comment_id, post_id, user_id, comment, creation_date, is_published) values (222, 12, 2, 'Nam nulla. Integer pede justo, lacinia eget, tincidunt eget, tempus vel, pede. Morbi porttitor lorem id ligula. Suspendisse ornare consequat lectus. In est risus, auctor sed, tristique in, tempus sit amet, sem. Fusce consequat. Nulla nisl.', '2020-11-27 05:51:17', true);
insert into comments (comment_id, post_id, user_id, comment, creation_date, is_published) values (223, 20, 1, 'Integer aliquet, massa id lobortis convallis, tortor risus dapibus augue, vel accumsan tellus nisi eu orci. Mauris lacinia sapien quis libero.', '2022-08-21 18:13:04', true);
insert into comments (comment_id, post_id, user_id, comment, creation_date, is_published) values (224, 9, 1, 'Etiam faucibus cursus urna. Ut tellus. Nulla ut erat id mauris vulputate elementum. Nullam varius.', '2021-06-01 08:32:49', true);
insert into comments (comment_id, post_id, user_id, comment, creation_date, is_published) values (225, 2, 3, 'Donec dapibus. Duis at velit eu est congue elementum. In hac habitasse platea dictumst. Morbi vestibulum, velit id pretium iaculis, diam erat fermentum justo, nec condimentum neque sapien placerat ante.', '2023-04-18 05:40:20', true);
insert into comments (comment_id, post_id, user_id, comment, creation_date, is_published) values (226, 30, 1, 'Morbi non quam nec dui luctus rutrum. Nulla tellus. In sagittis dui vel nisl. Duis ac nibh.', '2022-01-17 18:07:42', false);
insert into comments (comment_id, post_id, user_id, comment, creation_date, is_published) values (227, 4, 1, 'Nam congue, risus semper porta volutpat, quam pede lobortis ligula, sit amet eleifend pede libero quis orci. Nullam molestie nibh in lectus. Pellentesque at nulla. Suspendisse potenti. Cras in purus eu magna vulputate luctus. Cum sociis natoque penatibus et magnis dis parturient montes, nascetur ridiculus mus.', '2021-11-02 12:35:35', true);
insert into comments (comment_id, post_id, user_id, comment, creation_date, is_published) values (228, 23, 1, 'Nulla neque libero, convallis eget, eleifend luctus, ultricies eu, nibh. Quisque id justo sit amet sapien dignissim vestibulum.', '2021-11-01 14:26:34', false);
insert into comments (comment_id, post_id, user_id, comment, creation_date, is_published) values (229, 43, 1, 'Pellentesque viverra pede ac diam.', '2022-05-13 12:59:49', false);
insert into comments (comment_id, post_id, user_id, comment, creation_date, is_published) values (230, 8, 3, 'Mauris lacinia sapien quis libero. Nullam sit amet turpis elementum ligula vehicula consequat. Morbi a ipsum. Integer a nibh. In quis justo.', '2020-10-24 14:38:42', true);
insert into comments (comment_id, post_id, user_id, comment, creation_date, is_published) values (231, 34, 2, 'Nulla facilisi. Cras non velit nec nisi vulputate nonummy. Maecenas tincidunt lacus at velit. Vivamus vel nulla eget eros elementum pellentesque. Quisque porta volutpat erat. Quisque erat eros, viverra eget, congue eget, semper rutrum, nulla.', '2021-06-01 02:40:44', true);
insert into comments (comment_id, post_id, user_id, comment, creation_date, is_published) values (232, 21, 3, 'Morbi odio odio, elementum eu, interdum eu, tincidunt in, leo.', '2022-04-01 12:23:26', false);
insert into comments (comment_id, post_id, user_id, comment, creation_date, is_published) values (233, 19, 3, 'Duis bibendum. Morbi non quam nec dui luctus rutrum. Nulla tellus.', '2021-07-28 10:44:23', true);
insert into comments (comment_id, post_id, user_id, comment, creation_date, is_published) values (234, 44, 3, 'Donec ut dolor. Morbi vel lectus in quam fringilla rhoncus.', '2022-12-14 00:12:13', false);
insert into comments (comment_id, post_id, user_id, comment, creation_date, is_published) values (235, 11, 3, 'Fusce consequat. Nulla nisl. Nunc nisl. Duis bibendum, felis sed interdum venenatis, turpis enim blandit mi, in porttitor pede justo eu massa. Donec dapibus.', '2022-11-20 09:14:48', true);
insert into comments (comment_id, post_id, user_id, comment, creation_date, is_published) values (236, 26, 3, 'Integer aliquet, massa id lobortis convallis, tortor risus dapibus augue, vel accumsan tellus nisi eu orci. Mauris lacinia sapien quis libero. Nullam sit amet turpis elementum ligula vehicula consequat. Morbi a ipsum. Integer a nibh. In quis justo.', '2020-12-22 17:36:10', false);
insert into comments (comment_id, post_id, user_id, comment, creation_date, is_published) values (237, 36, 3, 'Integer ac leo.', '2022-07-16 07:34:28', false);
insert into comments (comment_id, post_id, user_id, comment, creation_date, is_published) values (238, 47, 3, 'Integer ac neque. Duis bibendum. Morbi non quam nec dui luctus rutrum.', '2021-08-11 01:36:46', true);
insert into comments (comment_id, post_id, user_id, comment, creation_date, is_published) values (239, 37, 2, 'Nulla tellus. In sagittis dui vel nisl. Duis ac nibh.', '2023-01-03 01:15:45', false);
insert into comments (comment_id, post_id, comment, creation_date, is_published) values (240, 43, 'Vivamus metus arcu, adipiscing molestie, hendrerit at, vulputate vitae, nisl. Aenean lectus. Pellentesque eget nunc. Donec quis orci eget orci vehicula condimentum.', '2021-05-31 19:44:29', false);
insert into comments (comment_id, post_id, user_id, comment, creation_date, is_published) values (241, 31, 2, 'Cum sociis natoque penatibus et magnis dis parturient montes, nascetur ridiculus mus. Etiam vel augue. Vestibulum rutrum rutrum neque. Aenean auctor gravida sem.', '2022-02-09 04:47:50', false);
insert into comments (comment_id, post_id, user_id, comment, creation_date, is_published) values (242, 44, 3, 'Integer ac neque. Duis bibendum. Morbi non quam nec dui luctus rutrum. Nulla tellus. In sagittis dui vel nisl. Duis ac nibh.', '2022-11-23 04:01:16', false);
insert into comments (comment_id, post_id, user_id, comment, creation_date, is_published) values (243, 50, 1, 'Pellentesque at nulla. Suspendisse potenti. Cras in purus eu magna vulputate luctus. Cum sociis natoque penatibus et magnis dis parturient montes, nascetur ridiculus mus.', '2022-08-17 15:00:30', false);
insert into comments (comment_id, post_id, user_id, comment, creation_date, is_published) values (244, 44, 3, 'Maecenas tincidunt lacus at velit. Vivamus vel nulla eget eros elementum pellentesque. Quisque porta volutpat erat. Quisque erat eros, viverra eget, congue eget, semper rutrum, nulla. Nunc purus. Phasellus in felis.', '2022-05-21 20:23:27', true);
insert into comments (comment_id, post_id, user_id, comment, creation_date, is_published) values (245, 49, 1, 'Fusce consequat. Nulla nisl. Nunc nisl. Duis bibendum, felis sed interdum venenatis, turpis enim blandit mi, in porttitor pede justo eu massa. Donec dapibus. Duis at velit eu est congue elementum. In hac habitasse platea dictumst.', '2020-11-12 21:03:46', false);
insert into comments (comment_id, post_id, user_id, comment, creation_date, is_published) values (246, 21, 3, 'Vestibulum ante ipsum primis in faucibus orci luctus et ultrices posuere cubilia Curae; Nulla dapibus dolor vel est.', '2023-03-14 21:51:13', false);
insert into comments (comment_id, post_id, user_id, comment, creation_date, is_published) values (247, 18, 2, 'Nam ultrices, libero non mattis pulvinar, nulla pede ullamcorper augue, a suscipit nulla elit ac nulla. Sed vel enim sit amet nunc viverra dapibus. Nulla suscipit ligula in lacus. Curabitur at ipsum ac tellus semper interdum. Mauris ullamcorper purus sit amet nulla. Quisque arcu libero, rutrum ac, lobortis vel, dapibus at, diam. Nam tristique tortor eu pede.', '2020-11-23 10:11:44', true);
insert into comments (comment_id, post_id, user_id, comment, creation_date, is_published) values (248, 11, 3, 'In hac habitasse platea dictumst. Morbi vestibulum, velit id pretium iaculis, diam erat fermentum justo, nec condimentum neque sapien placerat ante. Nulla justo. Aliquam quis turpis eget elit sodales scelerisque.', '2022-05-16 19:31:56', false);
insert into comments (comment_id, post_id, user_id, comment, creation_date, is_published) values (249, 21, 3, 'Morbi vestibulum, velit id pretium iaculis, diam erat fermentum justo, nec condimentum neque sapien placerat ante. Nulla justo. Aliquam quis turpis eget elit sodales scelerisque. Mauris sit amet eros. Suspendisse accumsan tortor quis turpis. Sed ante.', '2021-08-31 19:36:31', true);
insert into comments (comment_id, post_id, user_id, comment, creation_date, is_published) values (250, 16, 3, 'Vestibulum ante ipsum primis in faucibus orci luctus et ultrices posuere cubilia Curae; Duis faucibus accumsan odio. Curabitur convallis. Duis consequat dui nec nisi volutpat eleifend. Donec ut dolor.', '2023-03-11 15:31:45', false);

